date,open,high,low,close,volume
2017-05-04,10.11,10.11,10.11,10.11,14958.0
2017-05-05,11.12,11.12,11.12,11.12,5172.0
2017-05-08,12.23,12.23,12.23,12.23,8700.0
2017-05-09,13.45,13.45,13.45,13.45,9058.0
2017-05-10,14.8,14.8,14.8,14.8,10600.0
2017-05-11,16.28,16.28,16.28,16.28,39400.0
2017-05-12,17.91,17.91,17.91,17.91,97150.0
2017-05-15,19.7,19.7,19.7,19.7,77309.0
2017-05-16,21.67,21.67,21.67,21.67,300153.0
2017-05-17,23.84,23.84,23.84,23.84,164176.0
2017-05-18,26.22,26.22,26.22,26.22,152672.0
2017-05-19,28.84,28.84,24.06,24.29,24309815.0
2017-05-22,22.9,23.32,21.86,21.86,12357647.0
2017-05-23,20.71,22.47,20.63,22.18,13966429.0
2017-05-24,21.66,22.79,21.4,22.49,12676910.0
2017-05-25,22.3,22.36,20.72,21.2,11688157.0
2017-05-26,21.26,22.87,21.26,21.92,11573052.0
2017-05-31,23.0,24.11,22.68,22.81,19069116.0
2017-06-01,21.73,22.15,20.53,20.53,14272917.0
2017-06-02,19.42,20.79,19.22,20.15,7807790.0
2017-09-27,22.17,22.17,22.17,22.17,698864.0
2017-09-28,24.39,24.39,24.39,24.39,631962.0
2017-10-09,26.83,26.83,26.83,26.83,838357.0
2017-10-10,29.51,29.51,29.51,29.51,991221.0
2017-10-11,32.46,32.46,31.11,32.46,11682395.0
2017-10-12,33.51,35.71,31.8,35.71,25004862.0
2017-10-13,35.1,35.36,32.24,32.63,17279653.0
2017-10-16,33.31,33.7,29.51,30.23,12388441.0
2017-10-17,29.78,31.5,28.9,30.37,9814049.0
2017-10-18,29.97,31.48,28.41,28.66,10714822.0
2017-10-19,28.3,29.36,27.93,28.49,6940216.0
2017-10-20,28.89,31.0,28.61,29.53,11417312.0
2017-10-23,29.0,29.1,27.91,28.37,8156698.0
2017-10-24,28.01,29.76,28.01,29.39,9333388.0
2017-10-25,29.03,29.35,28.3,29.28,6592398.0
2017-10-26,29.06,29.72,28.7,28.91,6111810.0
2017-10-27,28.78,29.77,28.3,28.54,4912500.0
2017-10-30,27.8,27.85,25.69,26.75,9180045.0
2017-10-31,26.55,27.27,25.91,27.13,7076392.0
2017-11-01,27.8,29.84,27.34,29.84,6120623.0
2017-11-02,31.81,32.82,31.31,32.05,20285668.0
2017-11-03,32.38,34.5,32.2,33.37,19696197.0
2017-11-06,33.97,34.98,32.32,34.07,15280377.0
2017-11-07,33.43,33.97,32.51,33.86,12014296.0
2017-11-08,33.58,37.25,33.45,35.88,17474818.0
2017-11-09,34.73,39.47,34.66,39.47,16800121.0
2017-11-10,38.83,43.42,38.83,43.42,15422575.0
2017-11-15,42.89,44.72,40.36,41.41,20880416.0
2017-11-16,40.99,42.5,38.53,40.87,17467689.0
2017-11-17,39.1,40.49,36.78,36.78,12432224.0
2017-11-20,35.27,38.86,34.7,38.71,12905029.0
2017-11-21,38.0,38.3,35.12,36.76,11485124.0
2017-11-22,36.9,40.28,36.0,38.78,15445349.0
2017-11-23,38.0,42.18,36.77,39.96,18254089.0
2017-11-24,39.06,41.72,35.96,36.17,14746716.0
2017-11-27,34.68,35.32,32.55,32.55,9656145.0
2017-11-28,31.37,35.28,31.36,34.68,10157293.0
2017-11-29,34.01,34.55,31.47,32.41,9868288.0
2017-11-30,32.07,34.49,32.05,33.16,9208485.0
2017-12-01,33.37,36.48,32.53,36.47,14702191.0
2017-12-04,35.48,36.78,34.22,35.92,12713317.0
2017-12-05,35.01,37.46,34.82,36.33,12277328.0
2017-12-06,35.98,39.96,35.57,39.96,16420862.0
2017-12-07,39.8,41.98,38.88,39.91,16776114.0
2017-12-08,39.34,41.84,38.61,39.35,15227277.0
2017-12-11,38.11,41.54,38.11,40.93,13141040.0
2017-12-12,40.5,45.02,40.38,43.83,19115065.0
2017-12-13,43.11,44.9,42.53,43.83,12937559.0
2017-12-14,43.6,44.5,42.2,42.9,11658659.0
2017-12-15,42.3,43.25,38.7,39.1,15154608.0
2017-12-18,38.95,39.35,36.63,37.85,9708809.0
2017-12-19,37.75,40.45,37.75,39.83,12110476.0
2017-12-20,39.22,42.45,38.88,40.79,12832405.0
2017-12-21,40.69,41.9,40.08,40.99,11615584.0
2017-12-22,40.8,45.0,40.5,43.63,15638361.0
2017-12-25,43.1,44.0,42.1,42.66,10427324.0
2017-12-26,42.18,43.88,39.6,43.39,14138697.0
2017-12-27,42.59,43.37,39.56,40.03,11737841.0
2017-12-28,39.0,41.26,38.18,39.44,9075720.0
2017-12-29,39.5,42.65,39.27,41.77,11926329.0
2018-01-02,41.5,42.52,40.66,42.48,10205238.0
2018-01-03,42.28,43.25,40.5,41.45,10367506.0
2018-01-04,41.6,45.6,41.21,45.6,17208834.0
2018-01-05,45.97,45.97,43.73,43.9,15953203.0
2018-01-08,43.7,45.2,42.4,44.91,13128022.0
2018-01-09,44.48,44.8,42.7,43.72,9833097.0
2018-01-10,43.01,44.41,41.93,43.4,9162631.0
2018-01-11,42.0,44.5,41.9,42.93,9240369.0
2018-01-12,42.6,44.45,42.25,43.21,10355877.0
2018-01-15,41.81,42.11,38.89,39.44,12254587.0
2018-01-16,38.51,40.14,38.5,39.57,7126401.0
2018-01-17,39.5,41.87,38.2,40.78,9204742.0
2018-01-18,40.1,40.65,39.3,39.38,5930744.0
2018-01-19,39.76,39.97,38.38,38.6,5571187.0
2018-01-22,38.3,38.3,35.01,36.96,5836623.0
2018-01-23,36.99,38.13,36.99,37.81,4379600.0
2018-01-24,37.55,39.78,36.53,38.78,6823629.0
2018-01-25,38.0,39.2,37.33,37.56,5023487.0
2018-01-26,37.02,37.97,36.04,36.28,4517705.0
2018-01-29,37.0,37.08,35.4,35.9,3258100.0
2018-01-30,35.87,36.2,35.4,35.52,2557633.0
2018-01-31,34.89,35.0,32.02,32.45,5385057.0
2018-02-01,32.18,33.0,31.51,32.51,4280662.0
2018-02-02,32.0,32.57,30.52,30.68,4081836.0
2018-02-05,28.66,30.29,28.6,28.86,3890900.0
2018-02-06,27.98,28.5,26.01,26.46,5068100.0
2018-02-07,27.35,28.86,26.03,27.96,5517415.0
2018-02-08,27.88,30.76,27.49,30.76,7984232.0
2018-02-09,29.18,32.19,29.18,30.71,8552815.0
2018-02-12,30.66,32.5,30.62,31.7,6033129.0
2018-02-13,31.53,31.6,30.4,30.47,4614918.0
2018-02-14,30.17,30.99,29.7,29.75,2561532.0
2018-02-22,30.2,32.53,30.0,31.78,4323271.0
2018-02-23,31.7,32.2,30.88,31.82,4122378.0
2018-02-26,31.97,34.6,31.97,34.31,6758323.0
2018-02-27,34.0,35.46,33.6,34.5,7472180.0
2018-02-28,33.45,35.21,33.34,33.86,4462728.0
2018-03-01,33.85,35.8,33.5,34.96,5763396.0
2018-03-02,34.45,35.47,33.89,33.91,4422895.0
2018-03-05,33.94,35.67,33.94,35.47,5063736.0
2018-03-06,35.55,37.1,34.83,35.99,5705386.0
2018-03-07,35.5,37.36,35.49,36.61,4968536.0
2018-03-08,36.3,36.97,35.7,36.32,3692700.0
2018-03-09,36.35,39.85,36.07,38.46,8745802.0
2018-03-12,38.21,41.0,38.2,40.06,7037925.0
2018-03-13,39.66,40.6,39.01,39.31,4462565.0
2018-03-14,38.72,40.3,38.72,38.91,4485364.0
2018-03-15,38.65,39.53,35.52,37.26,6130625.0
2018-03-16,37.71,38.33,36.2,36.53,3972257.0
2018-03-19,36.32,38.3,36.32,37.4,4269095.0
2018-03-20,37.26,38.11,37.01,37.87,2987000.0
2018-03-21,37.97,38.56,37.08,37.23,3722569.0
2018-03-22,37.0,39.3,37.0,39.06,4308408.0
2018-03-23,37.8,41.8,37.2,40.05,11922067.0
2018-03-26,40.75,42.96,40.75,42.43,13037206.0
2018-03-27,41.18,44.0,40.3,43.33,12378201.0
2018-03-28,41.88,42.43,39.86,39.94,8750546.0
2018-03-29,40.34,40.53,38.25,39.31,5500988.0
2018-03-30,39.73,41.18,39.5,41.01,7037711.0
2018-04-02,41.2,41.75,40.0,40.48,9055947.0
2018-04-03,39.1,39.75,37.9,38.84,6952095.0
2018-04-04,39.5,40.59,38.4,39.31,4831660.0
2018-04-09,39.2,39.58,37.5,38.34,3589287.0
2018-04-10,38.12,40.66,38.12,40.3,6321644.0
2018-04-11,40.8,40.8,39.36,39.57,3876595.0
2018-04-12,39.7,40.76,39.45,40.04,3801786.0
2018-04-13,40.4,40.48,39.0,39.6,3137108.0
2018-04-16,39.0,39.76,38.45,39.11,2528500.0
2018-04-17,39.91,40.89,38.6,39.65,4462772.0
2018-04-18,40.52,43.28,39.9,42.37,11163333.0
2018-04-19,41.08,42.33,40.51,40.53,7368726.0
2018-04-20,40.0,41.44,39.4,40.02,5358569.0
2018-04-23,39.98,39.98,36.02,36.89,6409680.0
2018-04-24,36.99,37.96,35.1,37.89,4766395.0
2018-04-25,37.2,39.78,37.0,39.17,4831843.0
2018-04-26,38.56,40.3,38.56,38.89,5026236.0
2018-04-27,38.96,39.99,37.34,37.49,3500835.0
2018-05-02,38.09,38.9,38.0,38.12,2832729.0
2018-05-03,37.68,38.75,36.0,37.6,3532871.0
2018-05-04,37.0,41.17,36.7,38.7,6521238.0
2018-05-07,37.17,38.93,37.17,38.77,4715788.0
2018-05-08,38.66,38.98,37.5,37.95,4625329.0
2018-05-09,38.02,38.5,37.31,37.39,3633379.0
2018-05-10,37.3,37.64,37.1,37.39,3202600.0
2018-05-11,37.39,37.59,36.51,36.84,2527900.0
2018-05-14,37.08,37.82,36.1,37.7,4074879.0
2018-09-12,41.43,41.43,41.43,41.43,940814.0
2018-09-13,45.57,45.57,45.57,45.57,309462.0
2018-09-14,47.34,48.9,44.01,44.15,20354943.0
2018-09-17,41.36,43.34,41.28,41.28,7119104.0
2018-09-18,41.2,41.99,37.15,38.55,13722654.0
2018-09-19,39.03,42.41,37.86,42.02,15449119.0
2018-09-20,40.9,41.77,39.38,39.9,11567481.0
2018-09-21,40.4,40.8,38.83,39.05,6989499.0
2018-09-25,37.57,38.67,37.21,37.96,6831951.0
2018-09-26,38.07,38.89,37.51,38.59,6480415.0
2018-09-27,38.5,38.7,34.87,35.5,9467702.0
2018-09-28,35.8,35.96,34.91,35.87,4325149.0
2018-10-08,34.4,34.5,32.28,32.53,5277325.0
2018-10-09,33.6,33.9,32.38,32.88,3802359.0
2018-10-10,32.51,35.09,32.51,33.96,5310603.0
2018-10-11,31.94,33.8,31.1,31.91,4943554.0
2018-10-12,32.2,32.49,29.73,31.87,5200355.0
2018-10-15,32.0,33.62,31.91,32.02,4813220.0
2018-10-16,32.2,32.9,29.49,30.36,6611684.0
2018-10-17,31.0,31.42,27.9,29.95,7220144.0
2018-10-18,29.6,29.6,27.83,27.91,5701904.0
2018-10-19,27.08,29.0,26.8,28.7,5897527.0
2018-10-22,28.93,31.1,28.93,31.1,8280235.0
2018-10-23,30.9,30.9,29.66,29.84,4553920.0
2018-10-24,29.95,30.39,29.4,29.6,3060651.0
2018-10-25,28.18,28.28,27.35,28.06,4765921.0
2018-10-26,28.71,29.28,27.94,28.09,3603702.0
2018-10-29,28.5,29.56,28.2,28.38,4771354.0
2018-10-30,27.8,28.5,26.75,28.15,5443325.0
2018-10-31,28.37,30.07,28.0,29.4,7468800.0
2018-11-01,30.0,30.8,29.25,29.59,7988498.0
2018-11-02,30.39,31.5,30.05,31.1,7403111.0
2018-11-05,30.7,31.8,30.3,31.1,5251835.0
2018-11-06,30.7,31.2,30.07,31.0,4049563.0
2018-11-07,31.17,32.2,30.82,31.41,5048648.0
2018-11-08,31.88,32.0,30.55,30.6,3334070.0
2018-11-09,30.21,30.9,30.17,30.31,1903797.0
2018-11-12,30.33,31.01,30.01,30.95,3859147.0
2018-11-13,30.39,30.68,29.98,30.5,3757232.0
2018-11-14,30.65,32.88,30.13,32.35,8899578.0
2018-11-15,32.27,33.55,31.88,33.06,6227658.0
2018-11-16,32.8,36.37,32.41,36.37,7862888.0
2018-11-19,36.8,37.49,35.08,35.91,7981786.0
2018-11-20,35.0,35.38,34.11,34.35,5786679.0
2018-11-21,33.56,35.16,33.54,34.5,4014527.0
2018-11-22,34.5,35.49,34.12,34.56,3162553.0
2018-11-23,34.36,34.36,33.2,33.21,3373876.0
2018-11-26,33.31,34.38,32.65,32.88,2294107.0
2018-11-27,33.4,33.85,33.0,33.85,2473136.0
2018-11-28,33.81,35.16,33.81,34.6,5208176.0
2018-11-29,36.0,37.1,34.33,34.75,6373902.0
2018-11-30,33.52,34.07,32.5,33.85,4943979.0
2018-12-03,35.02,37.0,34.34,36.0,6865736.0
2018-12-04,35.65,36.29,35.28,35.62,3521363.0
2018-12-05,34.76,35.89,34.5,35.78,3722932.0
2018-12-06,35.08,35.7,33.9,33.97,4416143.0
2018-12-07,34.35,36.26,34.35,35.11,4362374.0
2018-12-10,35.1,36.5,34.55,36.11,5197521.0
2018-12-11,35.85,36.18,35.5,35.99,3428887.0
2018-12-12,36.1,36.5,34.88,35.1,3156400.0
2018-12-13,35.35,35.58,34.87,34.99,2670893.0
2018-12-14,35.11,35.43,33.65,33.69,3086394.0
2018-12-17,33.7,33.97,31.88,32.54,3327723.0
2018-12-18,32.01,33.11,31.9,32.56,2354246.0
2018-12-19,32.45,32.69,30.5,31.0,3239770.0
2018-12-20,30.85,31.46,30.5,31.17,1901732.0
2018-12-21,31.23,31.44,30.78,31.18,1767211.0
2018-12-24,31.15,31.79,30.7,31.25,2707477.0
2018-12-25,30.8,31.25,29.87,31.1,2768221.0
2018-12-26,31.1,31.2,29.96,29.98,2775377.0
2018-12-27,30.5,30.66,29.0,29.05,2625815.0
2018-12-28,29.39,29.83,29.11,29.39,1976737.0
2019-01-02,29.52,29.85,28.89,29.0,1910264.0
2019-01-03,28.84,29.4,28.39,28.47,2074784.0
2019-01-04,28.08,29.5,27.62,29.33,2728987.0
2019-01-07,29.68,31.38,29.52,30.66,4942229.0
2019-01-08,30.11,30.59,29.8,29.98,2768407.0
2019-01-09,29.98,30.98,29.26,30.07,3961586.0
2019-01-10,29.6,30.23,29.51,29.59,2161775.0
2019-01-11,29.52,30.05,29.51,29.88,1538609.0
2019-01-14,30.05,30.16,28.1,28.16,3815931.0
2019-01-15,28.04,29.25,28.04,29.19,3039147.0
2019-01-16,29.88,30.19,29.19,29.33,2616185.0
2019-01-17,29.81,30.45,28.98,29.12,3410804.0
2019-01-18,29.12,29.5,28.43,29.2,2915477.0
2019-01-21,29.18,30.3,28.59,30.28,4376626.0
2019-01-22,29.86,30.1,29.21,29.56,2966288.0
2019-01-23,29.54,29.58,28.94,29.19,1902888.0
2019-01-24,29.16,31.59,29.07,30.58,7896220.0
2019-01-25,30.39,31.2,30.03,30.36,5461242.0
2019-01-28,30.8,31.28,30.36,30.45,3054900.0
2019-01-29,30.1,30.15,28.88,29.23,3363657.0
2019-01-30,29.39,29.69,28.45,28.61,2270400.0
2019-01-31,28.3,29.29,28.16,28.28,2236430.0
2019-02-01,28.49,29.36,28.2,29.25,2234566.0
2019-02-11,29.5,30.92,29.12,30.9,3793480.0
2019-02-12,31.08,31.97,30.58,31.39,5297597.0
2019-02-13,31.29,33.89,31.22,33.5,7357239.0
2019-02-14,33.11,33.6,32.86,33.48,4783500.0
2019-02-15,33.26,34.98,33.09,33.61,3871868.0
2019-02-18,33.99,35.55,33.68,35.3,4229177.0
2019-02-19,36.35,36.44,33.9,35.36,4794876.0
2019-02-20,34.8,35.21,34.05,34.63,2790933.0
2019-02-21,35.08,36.1,34.65,35.03,4643099.0
2019-02-22,34.77,38.42,34.77,38.03,5374480.0
2019-02-25,39.99,41.76,39.13,40.8,9108597.0
2019-02-26,40.5,43.17,39.7,41.3,7501811.0
2019-02-27,40.99,41.7,38.98,39.47,6830351.0
2019-02-28,39.25,40.22,39.03,39.43,3366714.0
2019-03-01,39.58,41.56,39.32,41.46,3919585.0
2019-03-04,44.77,45.6,42.1,42.52,6363507.0
2019-03-05,42.52,46.77,42.21,46.75,6903059.0
2019-03-06,47.92,48.85,46.17,46.64,8455274.0
2019-03-07,46.65,50.8,45.41,47.88,6425413.0
2019-03-08,46.4,52.67,43.09,50.19,11481204.0
2019-03-11,52.01,54.55,49.05,52.68,8043511.0
2019-03-12,53.0,55.89,52.11,54.48,7902499.0
2019-03-13,53.9,53.9,49.03,49.03,8424506.0
2019-03-14,48.0,49.68,45.93,48.59,8016683.0
2019-03-15,48.25,49.58,47.25,47.38,3996216.0
2019-03-18,47.42,51.6,46.55,51.37,5574188.0
2019-03-19,50.0,53.78,49.55,51.57,5970687.0
2019-03-20,51.48,51.98,47.08,49.37,5180212.0
2019-03-21,49.22,51.6,48.38,50.57,4659368.0
2019-03-22,51.01,53.78,50.51,50.67,5712758.0
2019-03-25,49.88,55.19,49.18,52.67,10120423.0
2019-03-26,53.33,54.0,51.55,52.3,6566594.0
2019-03-27,53.02,54.07,51.26,53.8,7476832.0
2019-03-28,51.8,53.8,49.72,49.77,7990811.0
2019-03-29,48.83,50.35,47.01,49.39,6010378.0
2019-04-01,49.91,54.33,49.91,54.33,7967163.0
2019-04-02,55.87,58.65,55.68,56.34,8865766.0
2019-04-03,57.73,59.87,56.5,57.92,5804771.0
2019-04-04,59.56,61.0,57.26,57.3,6706559.0
2019-04-08,58.48,58.59,54.5,56.32,6389343.0
2019-04-09,56.58,57.44,54.08,55.31,4951511.0
2019-04-10,55.08,55.88,54.32,54.8,2779966.0
2019-04-11,55.01,55.5,51.5,52.0,4526573.0
2019-04-12,52.46,52.8,50.6,51.11,4679551.0
2019-04-15,52.53,55.1,51.68,53.8,5221718.0
2019-04-16,54.0,59.18,53.8,59.18,9239965.0
2019-04-17,61.0,62.89,56.78,58.52,6573989.0
2019-04-18,59.0,59.0,56.57,56.9,3282082.0
2019-04-19,56.78,57.65,55.35,56.13,3277776.0
2019-04-22,55.81,57.68,54.37,55.55,3326129.0
2019-04-23,55.22,55.67,54.01,54.99,2153498.0
2019-04-24,54.55,58.0,54.55,57.87,4972123.0
2019-04-25,56.9,57.33,54.01,54.34,2829438.0
2019-04-26,55.09,55.5,53.6,54.69,2607083.0
2019-04-29,55.38,55.55,49.22,53.12,3230300.0
2019-04-30,52.51,54.89,52.02,54.8,1985163.0
2019-05-07,49.41,52.88,49.41,52.07,4605415.0
2019-05-08,50.01,54.7,48.68,51.04,4188043.0
2019-05-09,51.0,52.5,49.0,50.26,3817125.0
2019-05-10,51.1,54.3,49.43,54.2,5118696.0
2019-05-13,52.6,53.95,51.5,51.82,3437828.0
2019-05-14,51.15,53.9,51.02,52.5,2767183.0
2019-05-15,53.28,54.1,52.1,52.79,2561224.0
2019-05-16,52.64,53.0,51.5,52.28,2856193.0
2019-05-17,52.95,54.53,51.85,52.07,3701433.0
2019-05-20,53.88,55.88,52.61,53.69,6473915.0
2019-05-21,52.52,52.52,50.05,51.59,5076872.0
2019-05-22,51.69,52.11,50.09,51.33,3417756.0
2019-05-23,52.08,52.08,46.52,47.1,5781011.0
2019-05-24,46.5,46.5,42.61,43.95,6607571.0
2019-05-27,44.12,46.2,43.11,45.58,4353420.0
2019-05-28,45.84,46.65,43.88,44.2,5267204.0
2019-05-29,44.39,45.25,43.8,44.71,4033668.0
2019-05-30,44.42,44.5,42.21,43.55,4532117.0
2019-05-31,43.78,43.99,42.0,42.0,5235970.0
2019-06-03,42.6,43.07,41.0,42.6,4849881.0
2019-06-04,42.52,42.62,40.32,40.93,4181517.0
2019-06-05,41.99,42.01,40.78,41.03,2922957.0
2019-06-06,41.5,41.52,38.72,39.0,6217060.0
2019-06-10,39.7,42.42,39.02,41.5,7481086.0
2019-06-11,41.75,44.97,41.0,44.5,7710056.0
2019-06-12,44.1,44.86,43.5,44.1,4423572.0
2019-06-13,44.54,45.98,43.76,45.3,4367582.0
2019-06-14,45.15,45.27,43.76,43.78,3797415.0
2019-06-17,43.8,45.3,43.8,45.06,2942500.0
2019-06-18,45.35,45.39,44.08,45.15,2420000.0
2019-06-19,48.5,49.67,48.5,49.67,5809097.0
2019-06-20,48.8,52.99,48.53,51.13,6908621.0
2019-06-21,50.94,53.09,50.66,51.02,5313641.0
2019-06-24,51.0,51.5,49.25,49.75,4345762.0
2019-06-25,50.0,50.61,48.88,49.5,4218936.0
2019-06-26,49.54,52.45,49.4,51.83,5833540.0
2019-06-27,51.85,56.9,51.85,55.8,6196603.0
2019-06-28,55.0,55.49,53.17,54.91,3400969.0
2019-07-01,58.36,58.72,55.52,56.19,6414833.0
2019-07-02,56.6,56.6,54.0,54.0,3619882.0
2019-07-03,53.4,54.45,53.1,53.69,2574929.0
2019-07-04,53.52,53.87,52.01,53.09,2927235.0
2019-07-05,52.5,54.34,52.5,54.3,2734922.0
2019-07-08,53.92,53.98,51.45,52.33,3892122.0
2019-07-09,52.89,54.18,52.05,53.3,2587979.0
2019-07-10,53.68,56.0,53.55,55.18,4195204.0
2019-07-11,55.48,55.78,53.8,54.8,2563460.0
2019-07-12,54.83,55.5,54.13,54.95,2185058.0
2019-07-15,55.11,60.15,54.29,58.92,6351347.0
2019-07-16,58.6,61.38,58.28,59.49,4376279.0
2019-07-17,59.91,64.45,59.79,62.45,6271583.0
2019-07-18,62.45,63.8,60.35,60.63,5399377.0
2019-07-19,61.5,62.08,59.59,60.27,3427557.0
2019-07-22,61.12,65.59,58.21,63.0,7852688.0
2019-07-23,61.81,65.1,61.6,64.82,4103384.0
2019-07-24,64.88,68.68,63.8,67.22,5681030.0
2019-07-25,66.2,70.48,66.2,69.8,7067254.0
2019-07-26,69.7,71.71,68.0,69.1,5264043.0
2019-07-29,69.8,71.5,68.0,69.62,3835388.0
2019-07-30,69.0,70.9,67.18,68.39,5571503.0
2019-07-31,67.74,68.76,66.58,67.12,5037100.0
2019-08-01,67.3,71.65,66.8,70.87,7170266.0
2019-08-02,66.6,69.5,64.1,67.9,7192741.0
2019-08-05,66.96,69.22,66.05,66.55,3413400.0
2019-08-06,64.0,66.87,63.89,66.58,3590987.0
2019-08-07,66.75,67.94,64.61,64.73,3311663.0
2019-08-08,65.36,66.66,63.4,65.51,4264630.0
2019-08-09,66.34,69.21,64.38,65.1,6456008.0
2019-08-12,65.8,71.0,62.5,71.0,7765743.0
2019-08-13,70.0,71.5,68.38,69.37,4522218.0
2019-08-14,71.2,74.49,70.0,70.99,6306090.0
2019-08-15,69.03,73.5,68.33,73.0,5586175.0
2019-08-16,73.0,74.98,72.0,72.66,4116466.0
2019-08-19,73.49,79.93,72.66,79.92,6398108.0
2019-08-20,79.92,86.98,78.23,84.59,8159202.0
2019-08-21,83.79,88.67,82.22,86.0,6268821.0
2019-08-22,85.26,86.95,81.7,84.69,4459639.0
2019-08-23,84.0,85.8,82.0,83.39,3749859.0
2019-08-26,81.88,85.5,81.54,85.05,4469697.0
2019-08-27,85.05,91.2,85.05,86.88,6181434.0
2019-08-28,86.89,86.9,85.1,85.22,3179077.0
2019-08-29,85.15,91.19,85.08,90.35,5606614.0
2019-08-30,87.21,95.74,83.01,88.06,10308047.0
2019-09-02,88.06,96.87,87.0,96.85,10753865.0
2019-09-03,100.0,100.1,94.8,98.0,6392409.0
2019-09-04,97.5,98.8,92.3,95.55,6026080.0
2019-09-05,95.6,102.5,95.6,97.02,7618933.0
2019-09-06,96.5,99.5,92.5,98.59,5978415.0
2019-09-09,100.09,106.77,96.53,105.3,8114182.0
2019-09-10,105.3,107.89,99.84,105.95,5622538.0
2019-09-11,106.0,110.59,103.5,107.0,4637493.0
2019-09-12,106.77,109.25,103.0,103.07,3996962.0
2019-09-16,103.07,104.55,98.88,101.75,5196126.0
2019-09-17,101.33,104.8,99.43,104.26,3956806.0
2019-09-18,103.48,105.0,99.5,102.49,3978405.0
2019-09-19,102.7,105.38,100.0,104.7,4863097.0
2019-09-20,107.11,112.35,105.7,109.99,7393695.0
2019-09-23,109.0,115.73,107.88,113.6,6808488.0
2019-09-24,112.0,116.44,111.02,112.0,4442643.0
2019-09-25,113.04,115.99,106.12,106.18,6070425.0
2019-09-26,106.0,106.3,95.68,98.98,9956805.0
2019-09-27,99.5,105.56,99.5,104.17,7707328.0
2019-09-30,103.93,103.93,96.3,98.11,5673581.0
2019-10-08,99.7,102.2,95.6,96.6,5888002.0
2019-10-09,98.09,100.69,95.6,100.0,5161663.0
2019-10-10,100.19,102.0,98.51,101.3,4812808.0
2019-10-11,102.0,102.9,96.34,99.0,5647337.0
2019-10-14,100.07,105.76,99.31,103.67,4665723.0
2019-10-15,102.2,103.5,98.8,100.3,4475315.0
2019-10-16,100.2,100.75,98.01,99.88,2702064.0
2019-10-17,99.9,101.8,98.85,100.78,1972378.0
2019-10-18,100.74,101.5,96.61,97.45,3188119.0
2019-10-21,97.59,98.49,93.9,96.54,2980736.0
2019-10-22,96.62,101.1,96.62,100.69,3955069.0
2019-10-23,101.69,103.37,100.02,101.7,2696899.0
2019-10-24,102.14,105.5,100.85,103.1,2863327.0
2019-10-25,101.68,105.29,100.6,104.75,3126365.0
2019-10-28,105.53,107.0,102.87,104.75,2971789.0
2019-10-29,104.49,104.49,99.5,101.71,3456227.0
2019-10-30,101.51,109.62,99.0,107.45,5068836.0
2019-10-31,103.1,113.89,103.1,109.99,6061795.0
2019-11-01,108.5,111.97,107.08,107.28,2870023.0
2019-11-04,108.98,112.65,105.1,109.85,4748857.0
2019-11-05,110.03,116.19,108.55,115.55,5194126.0
2019-11-06,115.9,117.58,114.01,116.85,5433856.0
2019-11-07,115.83,115.83,111.28,111.99,4750841.0
2019-11-08,114.0,116.39,112.8,113.45,3703838.0
2019-11-11,113.0,116.5,111.19,112.79,3844016.0
2019-11-12,112.88,113.6,108.8,113.0,3491671.0
2019-11-13,112.05,123.71,111.03,123.71,6760204.0
2019-11-14,122.67,128.6,121.01,127.0,5080618.0
2019-11-15,129.22,137.98,126.5,129.93,5133878.0
2019-11-18,130.11,130.98,124.65,124.87,4456433.0
2019-11-19,124.16,128.8,123.18,127.62,3699633.0
2019-11-20,126.0,127.5,123.55,123.8,3730440.0
2019-11-21,123.37,126.36,122.2,124.08,2879470.0
2019-11-22,123.1,129.0,114.0,118.81,7924044.0
2019-11-25,117.12,117.5,109.0,113.5,6202993.0
2019-11-26,115.06,120.52,113.87,120.52,7247753.0
2019-11-27,119.0,131.76,117.46,128.58,7195873.0
2019-11-28,126.25,129.8,125.0,125.85,3845925.0
2019-11-29,125.9,128.0,122.03,125.2,2984470.0
2019-12-02,124.5,135.8,123.31,134.1,5959759.0
2019-12-03,134.0,146.88,132.51,146.0,7116414.0
2019-12-04,145.1,145.2,140.1,142.4,5273525.0
2019-12-05,142.2,149.39,140.06,140.69,5518090.0
2019-12-06,141.0,145.0,137.02,144.9,5754804.0
2019-12-09,144.01,150.8,141.8,145.86,5700300.0
2019-12-10,144.0,156.0,140.99,154.5,5950026.0
2019-12-11,153.4,157.06,151.33,155.5,4920560.0
2019-12-12,155.07,160.98,153.3,155.03,5564189.0
2019-12-13,156.83,158.0,148.0,150.63,7463601.0
2019-12-16,149.0,152.68,145.0,149.09,7354050.0
2019-12-17,150.59,156.0,149.0,151.65,5452842.0
2019-12-18,150.0,152.98,148.66,149.33,4107335.0
2019-12-19,149.02,149.23,142.0,146.93,5663065.0
2019-12-20,148.7,155.58,148.48,150.38,5435421.0
2019-12-23,142.9,153.2,142.0,149.58,5342937.0
2019-12-24,152.0,153.5,145.51,151.5,4538951.0
2019-12-25,153.0,162.99,150.1,162.99,6678539.0
2019-12-26,160.1,161.88,152.5,154.53,5762414.0
2019-12-27,153.9,154.77,147.0,147.6,5143063.0
2019-12-30,144.0,147.45,137.5,144.0,4741652.0
2019-12-31,143.55,148.0,140.81,143.4,3757147.0
2020-01-02,143.4,150.05,143.4,149.11,5186092.0
2020-01-03,150.34,150.4,138.03,145.0,9797576.0
2020-01-06,141.66,144.8,139.59,141.5,5270416.0
2020-01-07,140.0,140.99,137.74,137.9,5555554.0
2020-01-08,137.37,140.52,136.0,138.69,5951108.0
2020-01-09,141.2,148.14,140.97,147.8,7462365.0
2020-01-10,149.48,159.2,145.4,156.32,8275650.0
2020-01-13,156.3,170.0,153.57,167.38,7556048.0
2020-01-14,169.0,170.52,159.01,166.44,5636619.0
2020-01-15,165.0,178.0,164.0,177.05,6167442.0
2020-01-16,174.51,178.0,172.1,173.8,3854646.0
2020-01-17,174.2,179.28,169.88,175.5,3573192.0
2020-01-20,175.5,191.24,172.6,188.5,4773223.0
2020-01-21,186.01,197.98,183.88,184.0,5214612.0
2020-01-22,179.0,191.89,170.9,185.97,7681994.0
2020-01-23,182.0,197.6,180.0,185.55,7665182.0
2020-02-03,167.0,176.0,167.0,167.0,7318080.0
2020-02-04,170.1,183.7,170.1,183.7,6465182.0
2020-02-05,192.0,198.0,187.65,190.47,7227843.0
2020-02-06,187.49,199.2,184.76,198.21,5903192.0
2020-02-07,196.0,198.79,191.01,195.23,5045658.0
2020-02-10,195.21,195.22,180.78,183.0,7157942.0
2020-02-11,182.9,189.0,181.18,187.3,4775663.0
2020-02-12,185.56,189.25,183.62,188.29,4566505.0
2020-02-13,189.98,201.0,186.5,197.36,8936059.0
2020-02-14,194.55,201.0,187.0,191.0,7151343.0
2020-02-17,188.0,194.0,187.47,192.99,4724081.0
2020-02-18,191.98,196.0,186.18,196.0,7592946.0
2020-02-19,194.0,205.0,188.0,192.61,10206501.0
2020-02-20,190.0,204.58,190.0,203.8,9049914.0
2020-02-21,200.0,206.0,198.2,200.02,8069612.0
2020-02-24,197.5,220.02,197.01,220.02,11309205.0
2020-02-25,215.49,221.87,200.95,213.5,12133246.0
2020-02-26,208.0,212.0,193.87,194.98,8670624.0
2020-02-27,195.0,197.0,180.62,183.16,9191566.0
2020-02-28,175.0,185.0,165.45,174.22,11486848.0
2020-03-02,180.0,180.99,169.0,169.91,9106222.0
2020-03-03,173.08,180.62,171.0,174.7,8553492.0
2020-03-04,171.5,173.85,160.0,169.88,12337972.0
2020-03-05,174.0,178.0,166.0,174.79,10834478.0
2020-03-06,171.34,176.0,169.77,172.51,4563926.0
2020-03-09,168.9,168.9,155.26,155.28,8570836.0
2020-03-10,155.17,166.0,152.01,162.8,10359978.0
2020-03-11,163.6,166.0,159.37,159.6,5716460.0
2020-03-12,155.13,166.5,154.6,164.0,7575366.0
2020-03-13,153.8,166.58,153.1,162.66,6358970.0
2020-03-16,164.0,164.0,146.39,146.39,8538336.0
2020-03-17,145.0,155.0,136.01,146.38,6662640.0
2020-03-18,149.02,154.5,143.0,144.0,6970433.0
2020-03-19,145.55,151.0,141.52,149.69,6716119.0
2020-03-20,152.3,153.65,142.42,145.74,6359283.0
2020-03-23,141.28,143.86,134.01,136.0,6848315.0
2020-03-24,139.97,140.0,132.01,137.34,6248762.0
2020-03-25,145.0,150.8,142.0,148.7,8282015.0
2020-03-26,145.0,147.0,142.77,145.2,4613076.0
2020-03-27,147.4,152.0,145.5,149.3,5565141.0
2020-03-30,145.01,159.88,142.94,158.0,9005454.0
2020-03-31,159.99,162.0,151.0,155.9,6619549.0
2020-04-01,152.81,161.48,152.81,155.98,5261987.0
2020-04-02,152.6,168.5,152.06,166.16,7327969.0
2020-04-03,163.7,165.99,161.8,163.5,3700398.0
2020-04-07,168.99,173.0,163.7,165.98,4986886.0
2020-04-08,164.24,171.0,164.21,167.59,3619847.0
2020-04-09,169.0,169.95,161.0,162.85,3514904.0
2020-04-10,163.07,163.8,154.02,155.5,4678239.0
2020-04-13,154.31,155.99,146.88,148.03,4691374.0
2020-04-14,151.0,157.32,149.0,157.3,4504505.0
2020-04-15,161.63,170.88,156.33,165.69,7048868.0
2020-04-16,163.69,171.71,162.08,170.47,5179249.0
2020-04-17,173.15,183.41,173.15,175.8,6404038.0
2020-04-20,176.21,180.69,171.0,179.0,4715170.0
2020-04-21,178.79,178.79,169.2,171.77,5054754.0
2020-04-22,170.98,173.6,168.0,171.0,3915557.0
2020-04-23,171.0,174.9,167.39,168.35,4345594.0
2020-04-24,174.0,175.91,167.95,168.22,6815630.0
2020-04-27,168.22,168.22,161.5,167.0,5137207.0
2020-04-28,167.0,179.5,165.21,176.68,8076969.0
2020-04-29,173.88,181.5,173.0,178.48,4594985.0
2020-04-30,181.0,195.15,180.38,194.48,7785985.0
2020-05-06,194.0,211.9,193.6,209.41,9248901.0
2020-05-07,209.42,209.45,201.0,208.19,5973795.0
2020-05-08,208.1,217.88,205.0,208.97,5554972.0
2020-05-11,207.0,210.5,203.01,206.69,3839113.0
2020-05-12,208.0,208.0,202.01,207.05,4284783.0
2020-05-13,204.45,209.97,204.0,208.47,4561485.0
2020-05-14,209.0,215.5,205.8,207.02,4998974.0
2020-05-15,209.0,218.9,208.47,214.9,6718268.0
2020-05-18,214.88,216.99,193.8,194.1,12729568.0
2020-05-19,197.0,201.41,192.0,200.1,7863111.0
2020-05-20,197.53,200.1,182.98,189.0,10214911.0
2020-05-21,187.6,190.59,184.32,186.7,6290511.0
2020-05-22,188.75,191.0,182.5,186.2,5468798.0
2020-05-25,185.0,186.99,177.0,181.0,5487541.0
2020-05-26,186.0,192.55,185.0,192.0,6378639.0
2020-05-27,190.79,191.65,180.35,183.9,6401663.0
2020-05-28,180.0,183.95,176.31,182.68,5950530.0
2020-05-29,181.0,183.58,177.5,183.58,3944861.0
2020-06-01,187.0,194.6,184.65,191.0,8197782.0
2020-06-02,189.5,189.9,184.5,185.81,5013592.0
2020-06-03,186.37,189.28,181.0,182.93,6349774.0
2020-06-04,181.51,182.88,179.5,181.23,3579993.0
2020-06-05,180.5,187.83,180.5,186.5,6293312.0
2020-06-08,190.98,190.98,182.28,183.05,4845748.0
2020-06-09,183.07,190.89,181.02,190.35,6112893.0
2020-06-10,188.0,194.88,186.6,194.0,5662317.0
2020-06-11,194.28,197.2,188.0,190.0,5425401.0
2020-06-12,181.51,192.0,181.5,189.57,4864844.0
2020-06-15,185.01,186.5,180.0,180.15,6752192.0
2020-06-16,182.99,183.5,174.77,179.21,6599486.0
2020-06-17,179.18,179.96,175.56,179.8,3597944.0
2020-06-18,179.99,183.47,178.02,182.85,4925791.0
2020-06-19,184.0,199.88,182.0,197.8,9715512.0
2020-06-22,197.8,206.23,197.0,202.6,7848841.0
2020-06-23,203.12,206.37,198.09,204.99,5994756.0
2020-06-24,201.0,208.45,200.88,206.68,7226776.0
2020-06-29,204.79,205.5,197.96,199.83,6214849.0
2020-06-30,202.0,204.58,199.84,201.95,4345108.0
2020-07-01,203.0,212.5,202.69,207.68,6199410.0
2020-07-02,208.74,216.66,206.01,214.73,7331797.0
2020-07-03,214.06,215.69,201.1,208.39,7244517.0
2020-07-06,209.95,229.0,209.95,228.8,9434834.0
2020-07-07,230.11,244.82,229.43,229.93,8803093.0
2020-07-08,228.8,235.0,223.51,231.51,6305605.0
2020-07-09,232.2,242.13,232.2,240.84,5741245.0
2020-07-10,238.0,245.8,235.75,244.0,5498866.0
2020-07-13,245.33,248.0,239.18,245.51,5651569.0
2020-07-14,241.82,252.8,238.66,249.7,8182655.0
2020-07-15,252.0,252.0,226.0,230.58,9192694.0
2020-07-16,227.0,232.3,208.0,208.16,7707629.0
2020-07-17,211.62,226.04,209.0,218.43,8260788.0
2020-07-20,225.7,225.99,206.49,217.69,6578023.0
2020-07-21,217.07,222.0,213.06,215.69,5896977.0
2020-07-22,215.9,223.6,211.01,220.1,5396218.0
2020-07-23,216.76,220.58,209.77,214.0,5078837.0
2020-07-24,212.0,214.5,196.5,199.35,6815543.0
2020-07-27,204.53,206.33,194.35,197.0,5479968.0
2020-07-28,201.49,201.7,196.66,199.84,3904884.0
2020-07-29,198.54,208.88,197.67,207.17,5786101.0
2020-07-30,207.99,210.33,202.01,203.4,4427451.0
2020-07-31,205.0,208.98,200.17,205.64,5400536.0
2020-08-03,206.99,207.86,193.01,201.42,10477907.0
2020-08-04,200.0,203.99,196.31,197.67,5694817.0
2020-08-05,206.0,207.37,200.3,201.97,8280457.0
2020-08-06,201.0,201.0,195.0,197.18,6438619.0
2020-08-07,195.81,198.49,184.37,188.78,6673959.0
2020-08-10,188.79,192.9,183.33,191.51,5083995.0
2020-08-11,192.0,192.94,187.0,187.0,3620735.0
2020-08-12,188.0,189.67,181.25,187.05,3945930.0
2020-08-13,187.97,188.88,182.8,182.97,3233137.0
2020-08-14,183.44,186.5,182.11,186.28,2891805.0
2020-08-17,187.36,187.99,181.09,183.71,5916046.0
2020-08-18,183.71,183.8,177.01,182.66,7656268.0
2020-08-19,182.66,194.8,181.8,187.3,9552147.0
2020-08-20,185.0,185.08,178.26,183.0,6799272.0
2020-08-21,190.13,192.0,183.1,188.01,9334173.0
2020-08-24,185.25,190.51,177.3,188.65,8084716.0
2020-08-25,185.88,185.88,180.0,180.17,7475686.0
2020-08-26,178.43,178.5,169.58,169.6,7331110.0
2020-08-27,167.08,174.65,165.08,171.93,5771165.0
2020-08-28,171.5,176.89,170.08,175.31,4570584.0
2020-08-31,175.0,175.0,167.6,167.83,10994122.0
2020-09-01,167.88,170.3,167.61,168.7,7474188.0
2020-09-02,168.0,171.19,167.67,170.4,5839638.0
2020-09-03,169.5,187.31,167.6,186.12,15273855.0
2020-09-04,183.0,190.5,181.88,187.1,15006681.0
2020-09-07,190.0,191.0,178.8,182.0,12438305.0
2020-09-08,180.8,185.88,177.01,177.05,8355334.0
2020-09-09,171.11,176.99,166.93,171.31,7730486.0
2020-09-10,174.0,179.43,172.0,174.11,7547640.0
2020-09-11,174.24,190.16,174.24,187.72,14275128.0
2020-09-14,190.18,198.9,190.18,191.0,15199091.0
2020-09-15,184.0,192.69,182.0,188.54,12479249.0
2020-09-16,188.58,196.85,187.38,195.88,11958408.0
2020-09-17,195.88,196.3,190.06,193.01,10576005.0
2020-09-18,194.11,197.85,188.79,191.8,11320490.0
2020-09-21,191.5,193.49,185.89,185.95,9124997.0
2020-09-22,184.22,189.4,183.55,185.58,8259206.0
2020-09-23,186.0,186.9,181.8,184.7,7657710.0
2020-09-24,185.57,186.38,182.55,182.8,6729762.0
2020-09-25,182.7,183.35,173.98,174.91,10230276.0
2020-09-28,174.0,177.98,172.76,175.2,5266069.0
2020-09-29,177.55,179.3,174.8,174.96,5020925.0
2020-09-30,176.99,180.5,175.2,177.37,6979638.0
2020-10-09,182.0,185.95,182.0,182.4,7954317.0
2020-10-12,183.97,191.49,183.55,191.43,14498776.0
2020-10-13,191.5,193.88,189.0,192.16,9166901.0
2020-10-14,192.34,193.3,183.76,186.7,8427497.0
2020-10-15,188.0,190.98,185.23,185.3,6573692.0
2020-10-16,187.5,192.0,183.01,184.5,7531966.0
2020-10-19,186.29,186.9,179.35,179.98,6007193.0
2020-10-20,178.81,181.6,176.0,180.9,5313853.0
2020-10-21,182.0,182.0,176.95,178.72,5108518.0
2020-10-22,177.0,181.49,176.58,177.69,5073860.0
2020-10-23,177.5,179.9,169.93,172.3,4859843.0
2020-10-26,168.72,175.35,166.75,173.12,5012501.0
2020-10-27,171.0,181.35,171.0,181.3,6440868.0
2020-10-28,180.9,183.25,178.0,180.16,5977489.0
2020-10-29,179.52,187.48,179.0,184.3,10537241.0
2020-10-30,185.0,201.73,184.99,198.02,23668577.0
2020-11-02,205.0,217.82,200.01,217.82,18612387.0
2020-11-03,226.84,226.84,212.92,215.59,16480947.0
2020-11-04,216.88,218.43,206.96,211.0,14067168.0
2020-11-05,218.2,219.08,209.89,214.0,12355005.0
2020-11-06,213.8,220.99,209.03,219.31,17191989.0
2020-11-09,223.0,241.24,223.0,239.45,21034169.0
2020-11-10,232.0,233.88,223.91,224.91,13750419.0
2020-11-11,216.0,219.51,202.42,202.42,18005444.0
2020-11-12,204.38,208.68,200.58,204.17,9964256.0
2020-11-13,203.87,208.0,198.3,201.79,9202956.0
2020-11-16,204.0,204.0,194.11,199.8,9971274.0
2020-11-17,199.81,202.84,190.01,202.7,12380112.0
2020-11-18,199.0,207.58,196.01,202.54,9491162.0
2020-11-19,199.33,206.95,198.01,205.2,6447556.0
2020-11-20,204.25,206.8,201.0,202.35,5062118.0
2020-11-23,196.28,202.03,191.3,200.5,9906551.0
2020-11-24,199.03,208.56,198.5,205.2,7407710.0
2020-11-25,208.0,213.88,206.0,209.9,8990413.0
2020-11-26,209.8,209.85,202.28,202.77,6230735.0
2020-11-27,203.38,207.8,201.02,205.8,4390158.0
2020-11-30,207.0,215.44,203.21,215.44,10418104.0
2020-12-01,210.0,216.94,209.48,216.88,6743329.0
2020-12-02,216.3,222.65,216.09,218.77,8449214.0
2020-12-03,220.97,222.0,216.36,217.09,5260846.0
2020-12-04,216.0,219.5,213.8,217.64,4895877.0
2020-12-07,221.0,225.65,215.83,216.86,6068861.0
2020-12-08,216.0,220.96,215.01,218.0,5751273.0
2020-12-09,215.0,221.5,212.96,217.13,7448758.0
2020-12-10,217.15,237.3,215.0,232.41,14224180.0
2020-12-11,232.99,238.0,228.61,232.75,14374621.0
2020-12-14,234.99,238.3,226.99,235.8,9148258.0
2020-12-15,235.8,243.88,225.38,228.5,9399091.0
2020-12-16,228.0,230.5,221.77,228.2,6324718.0
2020-12-17,229.46,231.66,226.22,228.9,3884390.0
2020-12-18,232.99,236.32,230.02,233.0,5653690.0
2020-12-21,230.69,233.0,220.1,227.12,9729882.0
2020-12-22,224.5,224.97,210.48,212.76,11279745.0
2020-12-23,212.76,222.3,210.3,218.95,7839615.0
2020-12-24,221.0,230.16,221.0,230.02,6697766.0
2020-12-25,227.89,231.2,218.7,220.0,5511629.0
2020-12-28,220.0,226.91,217.6,223.89,5381370.0
2020-12-29,225.0,228.56,220.5,221.7,4647285.0
2020-12-30,220.0,227.74,219.02,227.38,5093389.0
2020-12-31,228.9,235.0,225.77,231.1,7824929.0
2021-01-04,232.0,232.84,225.01,230.05,8717340.0
2021-01-05,229.99,253.06,228.9,253.06,15532187.0
2021-01-06,265.0,268.85,257.01,264.0,17278593.0
2021-01-07,265.97,273.01,259.6,269.36,14019049.0
2021-01-08,270.88,273.53,257.1,266.0,8708435.0
2021-01-11,278.5,291.8,272.0,276.24,14912017.0
2021-01-12,272.12,289.19,272.12,289.19,11744029.0
2021-01-13,293.52,293.6,278.16,286.47,11153060.0
2021-01-14,291.0,300.8,280.32,281.71,16005889.0
2021-01-15,290.0,301.8,276.87,286.0,15661948.0
2021-01-18,296.0,314.6,293.0,314.6,16540922.0
2021-01-19,313.99,324.5,308.84,314.89,16779012.0
2021-01-20,317.0,321.99,309.0,321.0,10265404.0
2021-01-21,316.18,322.0,309.78,319.6,9905954.0
2021-01-22,320.0,328.0,308.0,322.5,10002138.0
2021-01-25,314.84,326.88,310.1,322.0,11067820.0
2021-01-26,315.0,316.0,294.5,301.14,14956654.0
2021-01-27,308.0,312.8,301.77,310.16,10720151.0
2021-01-28,307.0,307.02,290.0,290.1,11231360.0
2021-01-29,299.0,300.49,283.17,289.57,8270918.0
2021-02-01,294.6,296.0,284.3,287.54,6196484.0
2021-02-02,292.0,302.0,286.15,298.98,8518668.0
2021-02-03,300.0,300.9,291.78,292.0,6537889.0
2021-02-04,288.2,292.0,272.0,283.75,13498958.0
2021-02-05,283.7,290.88,282.28,285.1,6562562.0
2021-02-08,287.3,305.53,285.62,302.9,8108982.0
2021-02-09,305.1,308.0,294.6,299.4,8746124.0
2021-02-10,299.42,312.0,293.0,302.97,8155988.0
2021-02-18,312.0,324.0,302.97,307.34,10888344.0
2021-02-19,307.5,309.0,290.01,304.28,8068185.0
2021-02-22,305.0,305.5,287.31,287.31,9307624.0
2021-02-23,278.0,300.0,277.0,294.0,6918414.0
2021-02-24,294.0,303.8,285.5,290.0,7055065.0
2021-02-25,290.5,299.5,285.02,285.5,5679424.0
2021-02-26,279.0,292.0,274.0,282.98,6897825.0
2021-03-01,286.98,292.0,284.0,290.47,4727969.0
2021-03-02,297.0,301.5,290.0,295.0,6523083.0
2021-03-03,293.91,297.15,285.08,297.02,5038255.0
2021-03-04,292.0,295.88,272.29,275.98,9148508.0
2021-03-05,267.03,275.3,257.28,264.9,9867195.0
2021-03-08,268.0,275.5,256.0,257.8,8430030.0
2021-03-09,257.99,260.01,245.3,247.98,7205579.0
2021-03-10,257.08,261.0,251.07,251.39,7042077.0
2021-03-11,252.45,270.0,252.45,260.13,7667108.0
2021-03-12,263.06,263.17,253.82,258.52,4473543.0
2021-03-15,255.97,255.97,239.92,243.1,8254649.0
2021-03-16,243.88,250.71,243.2,248.06,6143435.0
2021-03-17,251.85,263.39,247.0,258.2,5498704.0
2021-03-18,258.88,263.32,255.97,258.61,4143089.0
2021-03-19,257.5,263.2,254.54,258.43,4666637.0
2021-03-22,258.0,258.0,246.31,255.55,5260015.0
2021-03-23,259.4,259.68,249.49,253.56,3122977.0
2021-03-24,251.85,253.0,245.7,245.7,3245803.0
2021-03-25,244.0,257.0,238.08,254.07,4978314.0
2021-03-26,257.23,260.98,254.0,257.91,3966414.0
2021-03-29,260.72,268.05,260.52,262.8,4594122.0
2021-03-30,262.11,267.4,258.9,259.17,4901950.0
2021-03-31,262.01,262.6,254.81,256.72,2903498.0
2021-04-01,259.0,277.48,256.36,273.3,7229113.0
2021-04-02,279.34,292.05,279.34,286.91,7602649.0
2021-04-06,291.0,291.66,280.6,286.1,4311575.0
2021-04-07,294.0,299.97,285.18,294.2,7933994.0
2021-04-08,290.0,305.88,287.33,297.47,6220869.0
2021-04-09,297.42,299.8,291.49,293.12,3802050.0
2021-04-12,294.0,302.03,286.51,289.74,5238114.0
2021-04-13,289.68,293.0,283.42,287.7,5129266.0
2021-04-14,283.0,286.7,275.1,282.85,5147825.0
2021-04-15,282.9,283.14,269.44,275.74,5441139.0
2021-04-16,281.0,284.0,276.41,279.79,4326278.0
2021-04-19,283.0,295.0,280.0,293.25,7523754.0
2021-04-20,292.11,298.85,290.56,292.01,4117062.0
2021-04-21,290.01,294.1,288.88,291.8,3338151.0
2021-04-22,292.9,296.49,287.02,295.2,4083341.0
2021-04-23,297.5,306.98,294.53,298.5,6436029.0
2021-04-26,302.0,306.66,291.26,291.26,4729786.0
2021-04-27,295.12,297.28,287.92,293.78,3930230.0
2021-04-28,296.87,301.5,292.24,298.96,3971368.0
2021-04-29,301.0,310.9,298.15,304.92,5411808.0
2021-04-30,303.0,308.88,299.08,302.51,4321491.0
2021-05-06,295.0,301.98,290.27,293.15,5021591.0
2021-05-07,293.0,296.0,264.0,264.26,10754608.0
2021-05-10,261.81,270.0,261.0,266.72,5478986.0
2021-05-11,259.6,271.38,250.72,270.95,8650562.0
2021-05-12,268.0,268.83,255.4,266.82,7646232.0
2021-05-13,259.01,266.76,258.66,264.8,4354307.0
2021-05-14,267.0,272.9,259.8,272.0,5152531.0
2021-05-17,269.83,280.88,269.83,274.84,4733094.0
2021-05-18,274.7,277.6,270.18,271.18,2305622.0
2021-05-19,269.0,277.18,266.7,277.18,4591753.0
2021-05-20,278.01,287.8,276.01,285.0,4562415.0
2021-05-21,286.08,287.98,282.55,284.07,2955093.0
2021-05-24,284.0,285.5,270.34,275.37,5083705.0
2021-05-25,278.16,297.39,275.52,295.15,7929183.0
2021-05-26,296.72,299.0,290.5,290.99,3533526.0
2021-05-27,292.68,298.33,287.08,293.0,6056204.0
2021-05-28,289.0,296.0,283.6,286.48,5978423.0
2021-05-31,289.02,300.99,288.5,300.99,8446415.0
2021-06-01,300.08,305.88,297.0,301.0,5721428.0
2021-06-02,303.77,304.0,294.0,298.0,4627551.0
2021-06-03,297.8,297.99,284.02,286.49,5629789.0
2021-06-04,285.0,292.0,280.52,286.3,5264201.0
2021-06-07,289.72,295.0,280.9,285.99,5620163.0
2021-06-08,287.1,287.77,277.08,279.0,5002967.0
2021-06-09,279.09,283.97,277.2,281.78,3553663.0
2021-06-10,281.39,286.22,279.57,285.17,6082136.0
2021-06-11,286.0,295.49,285.48,289.47,9281509.0
2021-06-15,288.86,302.88,286.8,301.0,11748985.0
2021-06-16,303.22,303.5,279.68,279.9,8087743.0
2021-06-17,279.9,301.0,277.7,296.35,12138720.0
2021-06-18,297.0,297.98,268.58,273.15,22564780.0
2021-06-21,268.5,275.99,260.3,265.96,14052026.0
2021-06-22,268.98,275.0,264.04,270.92,7459506.0
2021-06-23,273.0,297.0,272.77,292.99,14305588.0
2021-06-24,292.0,294.5,285.02,288.97,7441707.0
2021-06-25,291.54,299.49,289.93,296.6,7693698.0
2021-06-28,296.49,298.38,291.0,296.0,7179232.0
2021-06-29,294.86,304.99,290.8,301.74,10184878.0
2021-06-30,303.0,328.8,303.0,322.0,13927463.0
2021-07-01,328.0,332.0,320.23,326.0,11302382.0
2021-07-02,322.0,323.29,312.89,314.49,8733244.0
2021-07-05,319.98,332.71,319.2,329.18,10100277.0
2021-07-06,330.0,338.86,314.18,321.52,10727978.0
2021-07-07,316.85,332.98,312.66,329.88,7703027.0
2021-07-08,332.74,345.0,332.74,335.0,7891474.0
2021-07-09,330.5,334.98,321.68,329.15,8472297.0
2021-07-12,332.0,344.82,331.0,341.56,8759539.0
2021-07-13,341.56,341.56,317.0,328.0,13541932.0
2021-07-14,326.0,332.0,321.3,323.1,6332949.0
2021-07-15,323.1,325.99,316.28,320.38,6176344.0
2021-07-16,323.1,326.5,311.2,311.5,5602213.0
2021-07-19,304.96,317.88,302.51,315.6,6071213.0
2021-07-20,314.71,318.72,308.0,317.67,4651674.0
2021-07-21,319.01,329.88,316.0,322.02,8561857.0
2021-07-22,321.23,321.39,303.0,308.95,10300498.0
2021-07-23,308.0,308.2,297.97,302.12,10189698.0
2021-07-26,304.99,306.99,281.95,290.41,11180887.0
2021-07-27,290.0,318.99,290.0,302.97,14336938.0
2021-07-28,296.0,314.5,289.01,304.89,10181325.0
2021-07-29,313.0,316.9,301.95,314.18,11246251.0
2021-07-30,308.08,310.45,299.03,302.09,9865214.0
2021-08-02,298.98,306.0,291.89,298.48,9670073.0
2021-08-03,296.88,305.59,292.51,295.0,8141201.0
2021-08-04,295.1,311.88,293.0,310.0,9130332.0
2021-08-05,304.02,328.88,304.02,321.08,8788218.0
2021-08-06,322.66,325.81,305.89,308.97,7409386.0
2021-08-09,306.0,306.0,288.68,291.26,11444810.0
2021-08-10,288.0,292.0,267.0,278.0,16950139.0
2021-08-11,276.0,279.88,270.17,277.59,7796097.0
2021-08-12,277.72,286.2,274.0,276.05,6828188.0
2021-08-13,273.95,275.0,267.98,269.59,6264325.0
2021-08-16,268.0,271.0,262.6,265.5,7903185.0
2021-08-17,265.47,267.9,258.0,261.7,6455451.0
2021-08-18,262.0,264.88,256.1,261.68,7243157.0
2021-08-19,262.75,265.87,257.6,264.99,7082020.0
2021-08-20,264.88,267.8,255.66,258.3,6634170.0
2021-08-23,258.07,271.96,255.56,271.4,8759454.0
2021-08-24,273.0,275.48,268.1,268.76,6936559.0
2021-08-25,273.77,273.77,257.8,259.21,9814436.0
2021-08-26,259.93,264.0,257.0,258.3,6733653.0
2021-08-27,256.0,273.17,254.75,266.12,12801904.0
2021-08-30,268.1,271.48,261.58,267.17,8025110.0
2021-08-31,258.0,259.94,241.03,242.09,16944265.0
2021-09-01,247.29,260.0,244.0,256.48,12929129.0
2021-09-02,256.48,261.8,237.01,241.5,12505727.0
2021-09-03,241.63,243.0,230.5,232.5,9457575.0
2021-09-06,232.47,243.88,231.09,240.84,7037805.0
2021-09-07,241.55,247.14,237.51,245.52,5853984.0
2021-09-08,240.0,249.9,237.5,243.08,8445849.0
2021-09-09,241.3,247.78,240.0,245.81,5236189.0
2021-09-10,246.29,251.2,238.51,243.13,9650721.0
2021-09-13,240.05,245.0,235.0,237.35,8207589.0
2021-09-14,239.0,240.3,233.14,234.9,7667285.0
2021-09-15,234.8,238.28,224.02,231.99,7334456.0
2021-09-16,232.81,234.3,225.51,227.0,6592844.0
2021-09-17,230.07,239.88,230.07,239.82,8480866.0
2021-09-22,235.0,243.59,234.08,239.7,6395742.0
2021-09-23,240.81,253.9,234.81,244.51,9860641.0
2021-09-24,241.0,247.0,239.0,239.8,6374017.0
2021-09-27,243.0,254.0,241.22,250.0,10537209.0
2021-09-28,246.67,252.0,242.0,245.7,6218796.0
2021-09-29,243.92,248.0,240.06,243.98,4770305.0
2021-09-30,243.98,248.66,241.26,242.61,5356402.0
2021-10-08,244.0,251.83,236.37,236.48,8593727.0
2021-10-11,235.99,244.29,234.0,234.47,6408456.0
2021-10-12,230.07,234.32,224.8,226.3,7297871.0
2021-10-13,226.21,245.0,221.5,242.02,8207760.0
2021-10-14,241.92,254.67,241.56,248.88,7209019.0
2021-10-15,247.0,252.01,243.5,250.0,6943739.0
2021-10-18,250.0,250.0,234.03,239.39,9829856.0
2021-10-19,238.77,249.99,236.59,247.23,7493659.0
2021-10-20,249.87,251.0,244.1,245.56,4205541.0
2021-10-21,245.34,246.88,241.15,246.0,3519673.0
2021-10-22,245.0,255.55,244.3,252.26,7788878.0
2021-10-25,249.0,253.0,248.0,249.97,5074022.0
2021-10-26,250.01,259.0,250.01,256.59,7198656.0
2021-10-27,256.4,256.43,250.38,252.39,5197273.0
2021-10-28,253.01,269.7,251.88,264.0,10086278.0
2021-10-29,263.0,269.5,262.0,266.0,6160044.0
2021-11-01,266.01,272.89,261.66,269.9,7753213.0
2021-11-02,268.93,285.9,268.93,282.74,11793320.0
2021-11-03,282.74,283.0,272.68,278.5,6855481.0
2021-11-04,278.7,284.35,276.76,278.62,4998788.0
2021-11-05,281.0,289.0,281.0,283.87,6631831.0
2021-11-08,284.6,286.68,275.05,279.99,5653396.0
2021-11-09,278.0,284.5,273.58,280.0,5653542.0
2021-11-10,277.99,281.9,274.12,276.2,4054872.0
2021-11-11,274.37,278.99,268.4,274.48,7653232.0
2021-11-12,271.5,272.85,267.0,272.23,5691077.0
2021-11-15,270.99,274.97,266.51,272.0,4769917.0
2021-11-16,271.35,275.95,266.66,267.23,5583191.0
2021-11-17,266.8,269.36,262.27,264.98,4732712.0
2021-11-18,263.89,266.2,260.67,264.64,3701288.0
2021-11-19,264.2,269.62,262.01,269.0,5102726.0
2021-11-22,270.0,280.99,266.06,279.9,9116249.0
2021-11-23,279.9,282.99,275.2,279.89,6308472.0
2021-11-24,278.89,283.5,278.01,280.8,5737427.0
2021-11-25,280.97,288.66,278.46,282.6,6567426.0
2021-11-26,280.48,281.0,270.7,273.33,5652470.0
2021-11-29,268.79,279.6,267.36,275.45,4240065.0
2021-11-30,277.0,279.87,271.76,272.38,3952068.0
2021-12-01,270.5,274.82,264.9,266.95,4220257.0
2021-12-02,282.67,293.65,282.67,293.65,14229831.0
2021-12-03,293.6,312.8,291.01,303.75,21077245.0
2021-12-06,307.98,308.7,296.66,296.97,8706044.0
2021-12-07,303.75,305.0,294.03,297.31,7681488.0
2021-12-08,300.0,311.2,300.0,309.99,10008552.0
2021-12-09,307.71,312.22,305.7,309.2,7142086.0
2021-12-10,308.66,308.66,297.0,305.98,7194961.0
2021-12-13,304.0,312.0,303.13,306.88,6251757.0
2021-12-14,305.0,308.5,301.13,306.37,3967430.0
2021-12-15,306.14,307.82,302.99,303.0,3709939.0
2021-12-16,305.0,314.66,303.01,304.48,4621419.0
2021-12-17,301.11,304.0,291.35,291.7,6331913.0
2021-12-20,292.77,297.66,284.0,287.42,6144575.0
2021-12-21,289.22,292.16,280.83,290.43,6361433.0
2021-12-22,291.59,311.57,291.59,305.71,7433319.0
2021-12-23,306.0,309.6,301.88,305.94,4308407.0
2021-12-24,305.95,314.77,305.95,308.0,5685612.0
2021-12-27,311.0,321.9,310.0,314.16,5084217.0
2021-12-28,316.01,318.97,308.88,310.0,4814563.0
2021-12-29,313.06,314.0,302.35,305.21,4229883.0
2021-12-30,302.0,313.96,302.0,310.08,5284513.0
2021-12-31,310.09,312.75,308.14,310.77,3338630.0
2022-01-04,313.56,314.8,300.01,310.42,5641449.0
2022-01-05,308.96,311.98,281.99,286.0,9457027.0
2022-01-06,286.0,286.99,272.13,279.0,8496671.0
2022-01-07,279.0,288.5,276.32,277.74,4701131.0
2022-01-10,275.0,278.38,266.92,273.8,6239474.0
2022-01-11,273.5,276.98,264.03,265.48,4612182.0
2022-01-12,268.32,274.68,267.25,271.0,4878640.0
2022-01-13,271.5,272.46,266.28,266.59,3544781.0
2022-01-14,261.77,283.67,261.77,277.05,5838675.0
2022-01-17,277.05,293.85,277.05,290.6,6725977.0
2022-01-18,290.0,298.88,288.58,296.29,4274705.0
2022-01-19,293.0,297.47,288.18,292.0,5026208.0
2022-01-20,292.22,297.89,288.12,293.25,3958549.0
2022-01-21,289.05,295.33,283.89,285.22,4919767.0
2022-01-24,285.3,294.47,282.88,289.01,3305037.0
2022-01-25,288.0,290.94,278.01,278.6,6045845.0
2022-01-26,278.08,280.6,271.96,276.38,5771614.0
2022-01-27,275.8,277.0,261.12,262.5,9351299.0
2022-01-28,258.0,266.66,252.0,254.2,8193779.0
2022-02-07,260.0,263.53,243.69,244.45,10649143.0
2022-02-08,244.36,245.56,230.0,236.8,11571102.0
2022-02-09,237.88,239.89,227.37,232.23,10057615.0
2022-02-10,235.0,236.18,231.6,231.97,7027122.0
2022-02-11,230.02,234.4,225.18,227.55,6406425.0
2022-02-14,225.0,232.44,224.1,229.0,5197757.0
2022-02-15,230.07,242.7,229.89,241.38,9005651.0
2022-02-16,243.0,246.0,239.8,240.0,6214717.0
2022-02-17,237.9,246.0,236.68,242.9,5936506.0
2022-02-18,241.0,241.85,235.25,239.4,3867915.0
2022-02-21,238.0,241.0,235.0,236.95,4517940.0
2022-02-22,236.0,238.79,229.98,238.0,7434701.0
2022-02-23,239.0,251.0,238.5,248.29,8209424.0
2022-02-24,248.0,249.01,241.47,245.95,7303295.0
2022-02-25,251.8,253.0,243.75,245.01,6307589.0
2022-02-28,245.0,249.28,243.0,245.81,4184905.0
2022-03-01,245.44,249.99,243.99,246.8,4821695.0
2022-03-02,244.0,244.0,237.9,240.0,6874059.0
2022-03-03,242.5,243.24,234.38,236.0,4643779.0
2022-03-04,233.11,242.09,232.21,234.14,4826176.0
2022-03-07,232.69,232.69,218.7,221.0,8310858.0
2022-03-08,221.0,227.88,218.68,221.08,7085354.0
2022-03-09,221.5,226.69,214.09,224.94,8839506.0
2022-03-10,232.0,234.89,225.66,226.54,7218516.0
2022-03-11,220.01,226.3,216.36,222.12,6200649.0
2022-03-14,217.27,221.0,207.0,208.0,9991044.0
2022-03-15,198.85,205.6,194.99,195.0,13505694.0
2022-03-16,198.89,214.5,196.35,214.5,12630575.0
2022-03-17,222.0,228.0,220.3,224.1,13353459.0
2022-03-18,223.0,225.99,220.58,224.28,6016000.0
2022-03-21,225.57,229.2,220.08,222.26,5859493.0
2022-03-22,222.2,226.25,219.6,220.64,4581233.0
2022-03-23,221.0,222.49,216.0,217.66,6359394.0
2022-03-24,216.0,217.42,211.0,212.38,6364628.0
2022-03-25,215.61,215.78,204.8,205.2,5157931.0
2022-03-28,202.0,207.5,200.13,202.41,5804318.0
2022-03-29,203.01,204.97,195.2,196.73,6078242.0
2022-03-30,199.0,200.59,190.4,198.12,8491048.0
2022-03-31,194.91,196.0,189.0,193.4,8993763.0
2022-04-01,193.0,198.4,191.36,194.15,5008932.0
2022-04-06,195.0,195.72,186.32,188.08,7612177.0
2022-04-07,187.19,191.5,182.97,183.32,6691825.0
2022-04-08,184.49,185.5,179.27,180.2,6389927.0
2022-04-11,180.23,180.23,169.01,170.5,10623110.0
2022-04-12,170.5,172.7,165.5,171.05,10296605.0
2022-04-13,170.0,171.37,167.01,169.08,5776129.0
2022-04-14,171.18,175.82,165.05,172.43,9868666.0
2022-04-15,168.97,175.75,168.17,173.9,8002017.0
2022-04-18,172.15,183.2,171.51,182.71,10239074.0
2022-04-19,180.0,180.0,164.44,164.44,18753669.0
2022-04-20,161.85,164.69,159.36,159.7,10432913.0
2022-04-21,158.3,162.43,154.2,155.33,8632948.0
2022-04-22,152.09,155.49,148.9,149.0,9595458.0
2022-04-25,147.0,149.0,138.11,138.21,10564897.0
2022-04-26,138.64,141.91,134.02,134.66,9121482.0
2022-04-27,135.31,148.13,135.14,148.13,13219460.0
2022-04-28,146.91,151.44,143.33,145.32,11841175.0
2022-04-29,148.13,152.33,145.01,150.5,13645034.0
2022-05-05,149.12,151.5,147.06,147.11,9134266.0
2022-05-06,143.61,145.3,140.16,140.16,7333324.0
2022-05-09,140.21,141.39,136.46,137.16,6848906.0
2022-05-10,136.0,146.86,135.4,143.06,11647498.0
2022-05-11,143.51,157.37,142.4,152.57,15711630.0
2022-05-12,151.25,152.5,148.0,150.15,9666960.0
2022-05-13,152.7,152.89,148.2,150.15,6260628.0
2022-05-16,151.5,155.48,147.58,147.99,7214106.0
2022-05-17,147.98,162.79,147.4,162.79,15765556.0
2022-05-18,165.0,165.05,160.2,163.0,15136029.0
2022-05-19,159.95,164.28,156.9,162.0,11088284.0
2022-05-20,162.95,163.88,159.59,163.67,9952119.0
2022-05-23,169.0,169.8,159.88,165.47,13981982.0
2022-05-24,164.0,168.93,156.66,157.12,12278634.0
2022-05-25,156.1,159.8,152.8,154.99,8389033.0
2022-05-26,155.06,156.1,148.89,152.22,12099540.0
2022-05-27,154.5,158.38,149.03,149.32,11156629.0
2022-05-30,150.87,160.6,149.32,159.02,16225873.0
2022-05-31,160.0,165.47,155.38,164.0,14866798.0
2022-06-01,163.0,166.6,161.01,163.0,8949067.0
2022-06-02,162.83,173.96,161.53,172.25,13524522.0
2022-06-06,172.26,181.68,169.42,180.33,14126736.0
2022-06-07,180.6,180.87,170.01,171.72,14285770.0
2022-06-08,170.14,173.0,167.0,170.51,12156673.0
2022-06-09,169.89,169.97,162.4,163.93,10196471.0
2022-06-10,162.98,165.46,159.98,165.4,11947000.0
2022-06-13,162.8,165.38,160.98,162.26,8773990.0
2022-06-14,160.0,160.0,152.66,158.92,11441447.0
2022-06-15,159.99,164.27,159.0,161.24,13024819.0
2022-06-16,161.4,166.59,160.5,161.6,11038602.0
2022-06-17,159.0,160.88,155.3,160.39,14530548.0
2022-06-20,161.71,168.44,159.2,168.02,17271995.0
2022-06-21,168.02,168.02,162.46,163.82,14192424.0
2022-06-22,165.36,165.36,154.28,154.53,19144146.0
2022-06-23,153.6,156.0,152.0,155.6,16456693.0
2022-06-24,155.65,162.18,153.88,159.58,19512644.0
2022-06-27,161.82,169.01,161.0,165.2,23959005.0
2022-06-28,166.77,179.38,159.74,174.01,27430937.0
2022-06-29,174.02,179.2,167.68,168.0,27317355.0
2022-06-30,168.0,174.97,167.17,173.03,17649612.0
2022-07-01,173.03,177.4,171.05,173.35,14883994.0
2022-07-04,167.96,167.96,161.95,164.15,21616873.0
2022-07-05,164.0,166.5,159.0,161.49,15493334.0
2022-07-06,161.37,169.41,160.6,163.18,20418644.0
2022-07-07,162.59,164.86,158.0,160.2,15639753.0
2022-07-08,162.0,165.96,160.3,161.25,14642764.0
2022-07-11,160.2,160.2,154.3,156.06,16641135.0
2022-07-12,155.03,156.5,149.5,149.61,15433897.0
2022-07-13,148.6,149.78,144.16,146.63,13137872.0
2022-07-14,145.35,149.0,144.96,145.55,12209818.0
2022-07-15,145.4,149.25,143.56,144.98,12940410.0
2022-07-18,145.22,146.61,140.21,146.45,12156377.0
2022-07-19,146.37,147.33,143.3,144.78,8430847.0
2022-07-20,146.83,148.6,144.01,144.7,10185485.0
2022-07-21,143.99,150.82,142.02,148.91,17887922.0
2022-07-22,148.9,148.9,144.44,145.88,9522992.0
2022-07-25,146.01,146.83,142.5,142.8,6911110.0
2022-07-26,142.9,144.43,141.5,144.24,6877855.0
2022-07-27,144.0,145.2,140.61,142.29,8573468.0
2022-07-28,106.39,110.26,106.11,107.85,13152728.0
2022-07-29,107.1,108.0,104.98,105.19,11217301.0
2022-08-01,104.26,107.58,101.08,106.25,14485801.0
2022-08-02,104.28,107.36,102.77,104.13,13081038.0
2022-08-03,104.13,109.2,104.13,107.27,18998658.0
2022-08-04,108.01,113.95,107.0,113.76,24288494.0
2022-08-05,114.01,118.48,111.98,116.83,27285203.0
2022-08-08,116.9,117.5,112.0,113.48,21664221.0
2022-08-09,112.09,114.0,110.53,113.96,14676293.0
2022-08-10,112.0,115.4,110.92,110.95,12553430.0
2022-08-11,111.4,119.1,111.11,119.0,28576137.0
2022-08-12,114.5,116.2,111.36,111.92,33593697.0
2022-08-15,110.37,111.35,107.41,107.75,20283044.0
2022-08-16,107.51,109.04,105.1,107.45,12094309.0
2022-08-17,106.99,108.5,105.6,108.0,11457040.0
2022-08-18,108.0,108.95,106.81,108.11,10248151.0
2022-08-19,106.96,110.33,105.4,105.45,12774595.0
2022-08-22,104.98,105.45,102.58,104.99,9411561.0
2022-08-23,104.47,105.56,101.68,102.25,13011232.0
2022-08-24,101.21,102.0,95.08,95.17,27849012.0
2022-08-25,95.18,95.93,91.37,92.9,20971083.0
2022-08-26,93.83,93.98,91.91,92.1,11632660.0
2022-08-29,90.0,92.97,89.3,91.62,11280475.0
2022-08-30,91.58,94.7,91.58,93.26,12449338.0
2022-08-31,92.68,93.8,90.76,93.74,19177161.0
2022-09-01,93.02,93.88,90.4,90.58,12050400.0
2022-09-02,90.39,91.83,89.36,89.87,9942942.0
2022-09-05,89.8,89.81,86.5,88.52,14235228.0
2022-09-06,88.75,89.85,87.78,88.87,10309821.0
2022-09-07,88.8,90.87,88.12,89.0,14406496.0
2022-09-08,88.93,89.59,87.69,87.7,8656331.0
2022-09-09,87.82,89.09,86.38,88.92,12517770.0
2022-09-13,89.52,91.0,88.99,89.1,9456721.0
2022-09-14,87.5,89.14,86.98,88.34,9064620.0
2022-09-15,88.99,89.0,86.02,86.74,9817966.0
2022-09-16,85.92,86.77,83.7,83.7,11942788.0
2022-09-19,83.92,89.8,83.71,86.2,20272393.0
2022-09-20,86.4,87.31,84.48,85.84,11000086.0
2022-09-21,85.77,86.0,81.2,85.0,16360385.0
2022-09-22,84.09,85.97,82.6,83.0,14542522.0
2022-09-23,83.0,83.84,80.7,82.0,13440305.0
2022-09-26,80.85,84.28,80.85,83.55,13552808.0
2022-09-27,83.58,84.95,82.86,84.9,9808040.0
2022-09-28,84.69,85.66,82.58,82.63,9935327.0
2022-09-29,83.6,83.9,81.15,81.48,10381147.0
2022-09-30,81.48,82.18,80.1,80.13,8710171.0
2022-10-10,80.0,80.0,74.74,74.89,14151677.0
2022-10-11,74.98,77.27,74.5,75.5,11892265.0
2022-10-12,75.18,76.85,72.73,76.75,19276706.0
2022-10-13,76.0,78.06,75.8,76.5,11613179.0
2022-10-14,77.5,81.22,76.91,80.39,16159407.0
2022-10-17,79.57,81.46,79.2,80.81,11074458.0
2022-10-18,81.2,81.5,79.67,80.37,8097203.0
2022-10-19,80.01,80.72,79.1,79.2,8538205.0
2022-10-20,78.92,82.39,77.9,80.15,18519206.0
2022-10-21,79.88,79.88,77.96,78.32,12404416.0
2022-10-24,78.81,80.5,75.47,75.96,13840139.0
2022-10-25,75.61,76.45,74.21,74.79,10137891.0
2022-10-26,75.02,77.9,74.02,76.66,12836628.0
2022-10-27,77.0,78.23,75.3,75.85,12692676.0
2022-10-28,75.3,76.6,71.47,71.7,15439726.0
2022-10-31,66.64,74.79,66.64,73.37,23365705.0
2022-11-01,73.91,76.88,73.02,76.84,16067729.0
2022-11-02,76.35,79.18,76.11,78.28,12306912.0
2022-11-03,77.59,79.8,77.55,79.35,13150877.0
2022-11-04,79.0,82.35,78.98,81.64,15660347.0
2022-11-07,81.0,83.6,80.82,82.09,17243813.0
2022-11-08,82.02,82.75,80.27,80.95,9355552.0
2022-11-09,80.95,81.35,79.58,79.98,6777805.0
2022-11-10,79.5,80.62,78.1,78.78,8463746.0
2022-11-11,82.6,84.5,81.0,81.09,17218286.0
2022-11-14,81.79,83.8,80.34,80.68,12449367.0
2022-11-15,80.88,88.75,80.4,88.75,22093122.0
2022-11-16,89.88,91.54,87.26,88.17,28671521.0
2022-11-17,87.79,90.3,85.17,89.8,25246123.0
2022-11-18,88.7,89.08,85.04,85.4,20710581.0
2022-11-21,85.0,86.01,83.84,85.23,11246684.0
2022-11-22,85.0,85.69,82.55,82.87,15136009.0
2022-11-23,83.0,83.88,81.5,82.6,9110239.0
2022-11-24,83.0,83.8,81.6,81.79,9702216.0
2022-11-25,82.09,83.5,81.09,81.24,8591059.0
2022-11-28,79.99,79.99,78.1,79.0,12821556.0
2022-11-29,79.0,81.35,78.59,81.12,11153334.0
2022-11-30,81.12,82.68,80.66,81.29,8508115.0
2022-12-01,82.75,84.11,82.15,82.19,12124046.0
2022-12-02,81.52,83.0,81.52,81.79,7293975.0
2022-12-05,81.18,82.8,81.18,82.09,10109779.0
2022-12-06,81.91,86.6,81.51,85.88,20636965.0
2022-12-07,85.1,85.5,84.0,84.15,12283176.0
2022-12-08,84.0,84.5,82.81,83.03,9127059.0
2022-12-09,83.58,85.0,83.08,84.7,13080826.0
2022-12-12,84.6,88.5,83.36,87.01,18633517.0
2022-12-13,86.5,86.78,85.0,85.56,9110984.0
2022-12-14,88.3,88.6,84.49,84.58,15021374.0
2022-12-15,83.97,87.6,83.42,85.65,12386160.0
2022-12-16,85.0,85.0,83.08,83.23,9702064.0
2022-12-19,82.98,84.0,81.35,81.68,8152734.0
2022-12-20,81.27,83.4,81.27,81.93,6789750.0
2022-12-21,81.65,83.0,80.5,80.91,7011540.0
2022-12-22,81.31,81.72,79.78,80.02,7058845.0
2022-12-23,79.22,80.8,78.66,79.09,7141913.0
2022-12-26,79.06,81.2,79.05,80.69,5132961.0
2022-12-27,80.62,80.7,79.7,80.5,5321809.0
2022-12-28,80.4,80.4,76.68,77.52,11021159.0
2022-12-29,77.3,79.66,76.85,77.92,8619823.0
2022-12-30,78.31,79.5,76.88,77.09,8178178.0
2023-01-03,77.0,77.51,75.28,77.49,8637047.0
2023-01-04,77.0,78.5,77.0,77.89,9739101.0
2023-01-05,78.23,80.3,77.8,79.5,10259878.0
2023-01-06,79.8,83.39,79.13,81.57,13758863.0
2023-01-09,81.88,84.4,81.81,83.02,11863704.0
2023-01-10,83.34,87.58,83.04,85.49,16456673.0
2023-01-11,85.49,87.0,83.5,83.5,11228610.0
2023-01-12,83.97,84.59,83.0,83.75,6223952.0
2023-01-13,83.32,84.5,83.1,84.37,5934545.0
2023-01-16,81.33,92.81,81.01,91.25,48075390.0
2023-01-17,90.99,95.17,90.77,93.0,25846320.0
2023-01-18,93.0,94.5,91.76,93.18,14183072.0
2023-01-19,93.18,98.09,92.72,97.45,22901189.0
2023-01-20,97.53,97.98,96.02,96.58,13909628.0
2023-01-30,100.88,100.88,95.35,96.3,18022709.0
2023-01-31,96.3,97.5,94.03,94.16,14630094.0
2023-02-01,93.31,95.88,93.31,94.82,10280088.0
2023-02-02,95.0,96.95,94.68,95.1,11806223.0
2023-02-03,94.39,95.92,92.7,94.07,11357734.0
2023-02-06,94.07,94.48,91.82,92.37,9704524.0
2023-02-07,93.58,93.7,91.7,92.64,7822171.0
2023-02-08,92.9,94.0,91.59,91.7,7569920.0
2023-02-09,91.03,95.0,90.41,95.0,15134925.0
2023-02-10,94.9,95.5,93.42,94.0,10535284.0
2023-02-13,93.53,95.47,93.05,94.4,9249381.0
2023-02-14,94.4,95.84,93.14,93.87,8665877.0
2023-02-15,93.93,95.0,93.12,94.47,7578522.0
2023-02-16,94.45,95.91,90.45,91.59,14714314.0
2023-02-17,91.38,91.99,87.79,87.88,14649396.0
2023-02-20,87.79,89.98,87.08,89.59,8355215.0
2023-02-21,89.59,90.45,88.5,89.23,7108289.0
2023-02-22,88.86,89.42,88.11,88.41,5130962.0
2023-02-23,88.2,89.29,87.8,88.04,6719250.0
2023-02-24,88.9,89.35,87.01,87.06,6118038.0
2023-02-27,86.5,87.06,84.7,85.45,9372775.0
2023-02-28,85.81,86.27,84.23,85.95,7540999.0
2023-03-01,85.96,86.97,85.55,86.54,10470423.0
2023-03-02,87.2,88.32,86.02,86.11,10152181.0
2023-03-03,87.14,88.72,85.5,86.6,12559507.0
2023-03-06,86.61,86.99,84.84,86.0,8615072.0
2023-03-07,85.8,86.3,83.46,83.46,9344270.0
2023-03-08,83.2,84.67,83.0,84.14,5844734.0
2023-03-09,84.26,85.42,83.28,83.36,8613174.0
2023-03-10,82.99,83.84,81.83,81.85,8961699.0
2023-03-13,81.56,82.88,80.99,82.78,6705283.0
2023-03-14,82.78,84.76,81.41,84.18,12404426.0
2023-03-15,84.21,85.44,83.61,84.2,8790629.0
2023-03-16,83.7,85.84,83.6,84.02,13799729.0
2023-03-17,84.85,85.1,82.72,83.51,13250017.0
2023-03-20,83.46,87.5,82.0,86.98,18755405.0
2023-03-21,86.98,87.25,86.02,86.85,8661239.0
2023-03-22,87.11,87.67,86.41,87.31,8450831.0
2023-03-23,86.87,92.06,86.8,92.0,24040539.0
2023-03-24,91.3,94.48,90.49,93.85,20279630.0
2023-03-27,93.7,94.0,89.5,89.51,17318059.0
2023-03-28,89.26,89.58,87.62,87.75,9681497.0
2023-03-29,87.75,91.92,87.58,89.96,15513761.0
2023-03-30,90.33,92.55,89.94,90.36,13536517.0
2023-03-31,90.36,91.96,89.6,91.1,9547709.0
2023-04-03,92.0,94.01,91.81,93.9,18752425.0
2023-04-04,94.0,97.87,93.31,95.58,22691960.0
2023-04-06,95.0,105.14,94.14,101.1,37521623.0
2023-04-07,102.1,104.44,99.0,103.52,27556888.0
2023-04-10,112.5,113.87,105.89,107.49,57357015.0
2023-04-11,105.89,110.15,104.07,107.99,27428400.0
2023-04-12,107.8,110.61,105.51,109.0,23048021.0
2023-04-13,110.0,111.6,101.3,103.1,28483398.0
2023-04-14,104.0,106.39,99.42,106.22,27977174.0
2023-04-17,105.17,106.34,103.03,103.59,20728687.0
2023-04-18,102.03,104.7,101.0,104.2,17548154.0
2023-04-19,109.18,111.35,104.25,104.42,34728743.0
2023-04-20,102.67,105.05,101.31,103.11,20932697.0
2023-04-21,102.5,102.5,95.1,95.22,24540790.0
2023-04-24,95.22,95.9,90.68,91.44,23813414.0
2023-04-25,91.05,93.0,88.6,90.53,16495908.0
2023-04-26,90.03,90.59,87.4,88.43,18620565.0
2023-04-27,87.7,90.9,87.23,90.24,17135043.0
2023-04-28,89.21,91.88,89.15,91.25,12040329.0
2023-05-04,90.52,93.0,89.41,92.19,12969494.0
2023-05-05,91.84,93.0,90.66,91.33,8420483.0
2023-05-08,91.0,92.9,90.5,91.27,7230179.0
2023-05-09,91.34,93.06,90.09,91.61,10902324.0
2023-05-10,91.58,92.59,89.29,90.9,8686769.0
2023-05-11,91.48,92.85,90.28,90.3,6157458.0
2023-05-12,90.29,91.55,89.31,89.5,6409710.0
2023-05-15,89.51,90.6,89.0,90.5,5565181.0
2023-05-16,90.52,93.0,90.2,92.27,10919276.0
2023-05-17,92.42,95.76,92.35,95.74,12295827.0
2023-05-18,96.51,96.58,94.62,95.4,8570039.0
2023-05-19,96.52,98.74,95.36,97.67,12972956.0
2023-05-22,98.2,98.74,96.59,97.53,6854729.0
2023-05-23,98.67,98.67,95.0,95.19,6536872.0
2023-05-24,94.38,97.5,94.34,95.97,5780705.0
2023-05-25,96.68,97.58,95.0,96.85,5725505.0
2023-05-26,96.85,98.05,95.45,96.1,6758496.0
2023-05-29,97.11,99.67,96.6,97.5,9349199.0
2023-05-30,97.0,97.88,95.1,97.54,6972756.0
2023-05-31,97.54,100.5,96.75,99.89,9477748.0
2023-06-01,99.45,100.96,98.54,99.5,7492830.0
2023-06-02,99.58,100.37,97.5,98.68,6110720.0
2023-06-05,98.4,99.99,97.5,97.84,5615597.0
2023-06-06,97.07,97.11,94.6,94.96,8904453.0
2023-06-07,94.9,96.89,94.45,95.38,4576597.0
2023-06-08,95.8,95.8,92.93,93.95,6371973.0
2023-06-09,93.7,96.01,93.05,96.01,8389929.0
2023-06-12,95.46,96.7,94.96,95.64,5707294.0
2023-06-13,95.68,100.47,95.35,99.76,10176638.0
2023-06-14,99.99,100.98,99.23,100.49,6613065.0
2023-06-15,100.99,101.2,98.88,99.96,5527218.0
2023-06-16,100.2,100.95,98.69,100.63,5372248.0
2023-06-19,100.5,104.23,99.55,103.1,10111946.0
2023-06-20,102.83,104.0,102.2,102.88,5829045.0
2023-06-21,102.18,102.87,100.0,100.48,7545785.0
2023-06-26,99.66,102.16,98.54,100.79,6656431.0
2023-06-27,101.5,102.99,99.8,100.0,5825556.0
2023-06-28,100.0,100.47,97.18,97.57,7380575.0
2023-06-29,98.0,99.38,97.1,98.1,5315503.0
2023-06-30,97.77,98.79,97.47,98.04,3967690.0
2023-07-03,97.3,99.69,97.11,99.1,5367211.0
2023-07-04,99.2,106.0,96.31,103.1,14733679.0
2023-07-05,103.0,104.1,102.28,102.9,5274306.0
2023-07-06,102.51,106.31,102.0,105.75,9772445.0
2023-07-07,105.7,107.49,104.49,105.18,9051426.0
2023-07-10,105.3,107.8,105.3,107.01,9633668.0
2023-07-11,107.0,111.37,106.6,111.13,14500399.0
2023-07-12,111.2,112.8,107.25,107.97,11718461.0
2023-07-13,108.0,108.89,106.95,107.8,12494819.0
2023-07-14,107.3,108.3,105.68,106.54,10925590.0
2023-07-17,102.0,102.7,99.82,102.28,18621481.0
2023-07-18,102.34,104.4,102.25,104.13,10663011.0
2023-07-19,104.12,105.86,101.95,103.87,8076367.0
2023-07-20,103.55,104.4,101.11,101.25,5803620.0
2023-07-21,101.2,101.9,100.21,100.63,5566193.0
2023-07-24,100.05,101.6,99.6,101.18,3868491.0
2023-07-25,102.17,103.28,100.85,102.93,7198407.0
2023-07-26,102.93,102.93,101.18,101.47,4912577.0
2023-07-27,102.22,103.28,100.41,100.97,4786542.0
2023-07-28,100.43,102.0,99.15,101.73,6668602.0
2023-07-31,101.65,103.18,101.2,102.6,6471328.0
2023-08-01,102.62,103.97,102.05,103.55,4651283.0
2023-08-02,103.28,106.36,102.88,105.63,9410116.0
2023-08-03,105.35,107.63,104.19,107.13,6714869.0
2023-08-04,107.99,109.0,103.0,103.2,9146036.0
2023-08-07,102.8,104.58,102.5,104.48,4200091.0
2023-08-08,104.15,105.7,104.0,104.4,3678134.0
2023-08-09,103.65,105.13,103.04,103.63,3603637.0
2023-08-10,103.63,104.6,102.68,103.38,2534674.0
2023-08-11,103.41,103.8,100.78,100.79,4737680.0
2023-08-14,100.0,100.64,98.8,100.0,4453797.0
2023-08-15,100.0,100.1,90.0,92.16,22530482.0
2023-08-16,90.8,92.39,87.38,88.05,16200577.0
2023-08-17,88.5,89.35,87.5,88.0,9960642.0
2023-08-18,88.58,89.13,86.21,88.23,8049074.0
2023-08-21,87.28,88.23,86.56,87.12,5672338.0
2023-08-22,87.98,91.2,87.04,90.01,8786460.0
2023-08-23,90.01,90.42,88.58,88.61,5123591.0
2023-08-24,88.92,89.97,88.3,88.88,5136809.0
2023-08-25,87.86,89.99,87.35,89.18,5780599.0
2023-08-28,95.0,95.0,87.5,88.2,9151826.0
2023-08-29,87.75,90.99,87.72,90.24,8006416.0
2023-08-30,91.77,92.95,91.0,91.71,8449665.0
2023-08-31,91.57,92.73,90.9,92.02,4761377.0
2023-09-01,92.38,92.51,89.68,90.37,4120223.0
2023-09-04,91.32,92.46,90.3,92.45,5254453.0
2023-09-05,93.0,93.65,92.02,92.79,5004796.0
2023-09-06,92.33,94.2,92.0,94.06,5664320.0
2023-09-07,93.8,94.38,93.0,93.15,4747503.0
2023-09-08,93.0,93.49,92.19,92.36,2957536.0
2023-09-11,91.82,93.73,91.82,93.0,3670519.0
2023-09-12,93.0,93.49,91.8,92.95,2366537.0
2023-09-13,92.5,94.29,92.36,93.58,5707565.0
2023-09-14,93.56,94.06,90.72,91.48,4535158.0
2023-09-15,91.48,93.63,89.77,93.46,7049284.0
2023-09-18,93.4,94.98,92.5,94.8,7871799.0
2023-09-19,96.0,96.5,94.17,96.0,8458235.0
2023-09-20,96.88,96.89,93.54,93.58,4865540.0
2023-09-21,93.93,94.13,92.0,92.0,4228777.0
2023-09-22,92.21,96.8,91.71,96.19,7130079.0
2023-09-25,96.8,96.8,94.71,94.9,6089264.0
2023-09-26,94.7,95.35,93.17,93.53,4177033.0
2023-09-27,93.18,94.9,92.72,92.98,4576824.0
2023-09-28,93.0,94.11,92.6,93.06,4567918.0
2023-10-09,93.07,96.39,93.0,95.35,6586679.0
2023-10-10,95.35,99.54,95.0,98.5,8737222.0
2023-10-11,99.0,101.81,98.09,101.49,13342308.0
2023-10-12,101.49,102.85,100.5,101.91,9080067.0
2023-10-13,101.21,104.0,101.02,102.95,9809881.0
2023-10-16,102.95,103.98,100.14,100.22,8650033.0
2023-10-17,100.69,101.72,99.51,101.11,6035074.0
2023-10-18,100.99,102.21,99.81,101.09,6804577.0
2023-10-19,101.0,102.2,100.39,100.5,6078039.0
2023-10-20,100.17,100.5,98.83,98.93,7904094.0
2023-10-23,99.52,100.5,97.88,99.1,6266614.0
2023-10-24,100.0,100.37,97.7,100.03,8205262.0
2023-10-25,100.03,102.89,98.74,102.16,9611013.0
2023-10-26,102.0,103.0,99.01,99.35,9985704.0
2023-10-27,98.92,102.9,98.9,102.5,10179641.0
2023-10-30,108.5,112.68,108.11,111.1,33777158.0
2023-10-31,112.8,114.89,109.4,110.31,17406220.0
2023-11-01,109.17,109.83,105.9,105.96,16652744.0
2023-11-02,105.12,108.25,104.5,104.98,18545566.0
2023-11-03,105.0,107.48,104.98,106.39,20958547.0
2023-11-06,108.58,113.7,108.58,111.05,29550030.0
2023-11-07,111.0,115.89,109.77,112.76,22536162.0
2023-11-08,112.16,113.4,111.43,111.9,13423546.0
2023-11-09,111.87,112.03,109.9,110.41,10798553.0
2023-11-10,110.0,111.0,109.0,109.6,5318879.0
2023-11-13,109.6,110.99,107.77,108.19,8358195.0
2023-11-14,107.83,109.53,107.51,108.2,5942355.0
2023-11-15,110.48,110.52,108.33,108.98,6348755.0
2023-11-16,108.62,109.0,106.55,106.6,6209133.0
2023-11-17,106.4,108.1,106.1,107.0,5018302.0
2023-11-20,106.78,106.98,103.49,104.13,11949934.0
2023-11-21,104.13,104.87,103.13,103.79,7795643.0
2023-11-22,102.96,104.48,102.73,103.83,9368227.0
2023-11-23,103.9,104.84,103.19,103.68,7343769.0
2023-11-24,103.31,104.5,103.01,103.55,7851205.0
2023-11-27,102.43,108.0,102.15,107.67,10881441.0
2023-11-28,106.48,106.48,101.33,104.38,15102927.0
2023-11-29,108.0,109.0,107.2,108.22,15362677.0
2023-11-30,107.64,108.95,106.45,108.24,7023439.0
2023-12-01,107.91,109.97,106.22,109.5,8331693.0
2023-12-04,109.8,109.85,107.68,108.48,6016700.0
2023-12-05,107.74,107.8,105.0,105.19,7747426.0
2023-12-06,105.08,105.59,104.06,104.5,6160258.0
2023-12-07,104.16,104.36,102.77,103.3,7310843.0
2023-12-08,103.7,107.3,102.18,107.3,15917612.0
2023-12-11,104.5,107.2,102.62,106.92,9461968.0
2023-12-12,106.62,108.87,104.7,107.6,5983835.0
2023-12-13,107.58,109.98,106.88,107.82,6562906.0
2023-12-14,107.82,109.7,107.18,108.41,6333355.0
2023-12-15,108.95,110.75,107.6,108.53,6195854.0
2023-12-18,107.92,108.39,105.68,106.31,5098523.0
2023-12-19,106.07,109.28,105.6,108.28,4659357.0
2023-12-20,109.0,109.28,107.3,108.32,4178141.0
2023-12-21,108.0,109.31,106.8,108.73,5139770.0
2023-12-22,109.05,109.38,107.02,108.69,4315346.0
2023-12-25,108.0,109.58,107.38,109.36,3204913.0
2023-12-26,109.55,109.55,105.73,106.47,5637967.0
2023-12-27,105.6,107.64,105.33,107.05,5400110.0
2023-12-28,107.15,110.0,106.71,108.85,7848154.0
2023-12-29,109.03,109.6,106.26,106.71,9750462.0
2024-01-02,106.7,106.99,103.0,103.0,8447082.0
2024-01-03,102.0,102.85,98.75,98.93,10764800.0
2024-01-04,99.18,99.39,96.5,98.17,6661578.0
2024-01-05,97.8,100.26,96.9,97.66,6940316.0
2024-01-08,96.5,97.99,93.99,94.31,8323431.0
2024-01-09,95.0,96.1,93.73,95.0,7286889.0
2024-01-10,94.71,95.28,93.2,93.57,5215633.0
2024-01-11,93.0,94.87,92.99,94.5,6170857.0
2024-01-12,93.91,95.35,93.67,94.39,5220203.0
2024-01-15,93.0,95.0,92.51,93.47,7125623.0
2024-01-16,93.2,93.5,89.01,89.94,15885996.0
2024-01-17,89.8,90.48,88.85,88.9,8259938.0
2024-01-18,88.0,91.82,87.8,91.64,11465655.0
2024-01-19,91.64,92.47,89.1,90.76,9790865.0
2024-01-22,90.76,91.15,87.29,89.25,10069392.0
2024-01-23,88.34,88.4,86.66,87.25,9297482.0
2024-01-24,88.28,89.9,87.02,89.3,10898896.0
2024-01-25,89.53,92.88,88.65,92.6,12498130.0
2024-01-26,91.5,92.6,89.51,90.05,11782817.0
2024-01-29,90.0,91.5,89.0,89.14,8300478.0
2024-01-30,88.02,90.39,87.31,87.9,9082190.0
2024-01-31,87.78,88.4,85.26,86.25,8841736.0
2024-02-01,85.8,85.82,82.88,84.3,12490498.0
2024-02-02,84.3,84.8,77.19,79.9,13224186.0
2024-02-05,79.8,80.49,75.94,79.22,12821185.0
2024-02-06,79.22,84.25,78.0,84.08,11640552.0
2024-02-07,84.82,86.6,83.45,85.87,10668815.0
2024-02-08,82.51,87.27,82.5,87.19,11540523.0
2024-02-19,88.9,88.9,84.21,85.65,9872480.0
2024-02-20,84.99,85.18,81.81,84.58,9408107.0
2024-02-21,83.7,86.59,82.89,85.26,10082317.0
2024-02-22,84.79,87.56,84.7,87.07,7595588.0
2024-02-23,87.31,88.1,86.0,87.27,6418636.0
2024-02-26,87.61,89.45,87.14,88.1,6684591.0
2024-02-27,87.5,90.4,86.56,90.35,10344460.0
2024-02-28,90.2,92.45,87.6,87.7,10412196.0
2024-02-29,87.0,96.0,86.88,96.0,18196504.0
2024-03-01,96.0,96.34,93.08,94.04,17689130.0
2024-03-04,94.8,96.46,92.6,94.16,13136682.0
2024-03-05,94.5,98.45,94.03,96.0,17412394.0
2024-03-06,95.06,96.1,92.38,94.26,11402129.0
2024-03-07,94.2,95.45,92.1,92.41,8123091.0
2024-03-08,92.5,94.2,91.58,93.92,6242761.0
2024-03-11,93.46,95.6,92.81,95.28,8375320.0
2024-03-12,95.29,98.41,94.51,96.2,10476547.0
2024-03-13,96.53,97.76,95.7,96.04,14277527.0
2024-03-14,95.32,95.88,92.9,93.7,10521692.0
2024-03-15,93.42,94.2,92.72,93.8,9683557.0
2024-03-18,94.56,100.6,94.56,100.05,19556511.0
2024-03-19,99.46,103.35,99.2,100.81,17355072.0
2024-03-20,99.9,101.56,98.3,100.08,10096074.0
2024-03-21,100.6,102.15,99.37,99.67,7589365.0
2024-03-22,99.5,100.8,98.37,98.75,9129225.0
2024-03-25,99.99,100.4,97.24,97.35,9030252.0
2024-03-26,98.36,98.87,96.38,96.82,7913675.0
2024-03-27,96.82,99.5,96.5,97.41,9918066.0
2024-03-28,96.9,101.78,96.78,98.5,11803016.0
2024-03-29,98.57,99.31,95.6,98.41,6515359.0
2024-04-01,99.9,101.26,97.9,100.55,7763306.0
2024-04-02,100.55,100.8,96.84,97.4,8893347.0
2024-04-03,97.35,99.3,95.29,96.97,8614141.0
2024-04-08,96.63,97.5,94.44,94.5,7923581.0
2024-04-09,95.0,95.45,93.88,95.2,5197133.0
2024-04-10,95.1,95.97,93.3,95.65,7805381.0
2024-04-11,95.62,98.1,94.6,96.45,7618230.0
2024-04-12,96.13,97.49,94.89,95.03,5727288.0
2024-04-15,94.5,97.1,94.2,96.29,6650182.0
2024-04-16,96.0,96.9,94.13,94.22,5288338.0
2024-04-17,95.0,99.5,94.7,99.1,9944921.0
2024-04-18,99.42,99.99,97.78,97.83,7017981.0
2024-04-19,96.0,96.9,88.22,93.31,15705955.0
2024-04-22,92.0,94.88,90.83,94.52,8764788.0
2024-04-23,94.5,95.33,92.14,93.28,5105025.0
2024-04-24,93.33,93.97,91.42,92.8,6179939.0
2024-04-25,92.8,94.5,91.56,93.88,6517983.0
2024-04-26,93.03,96.71,93.03,96.71,8876585.0
2024-04-29,101.8,102.86,100.2,102.63,15761902.0
2024-04-30,102.32,103.6,101.07,101.6,10123446.0
2024-05-06,103.0,105.7,101.72,103.03,14160001.0
2024-05-07,102.99,105.5,102.28,103.94,8220256.0
2024-05-08,104.35,104.6,102.7,102.92,5725374.0
2024-05-09,102.92,103.96,101.52,103.39,5970407.0
2024-05-10,104.33,106.11,103.12,103.6,8035875.0
2024-05-13,103.1,105.25,102.01,103.77,6087617.0
2024-05-14,103.58,105.26,103.5,104.61,5389338.0
2024-05-15,103.8,105.5,102.2,102.23,5463287.0
2024-05-16,102.23,102.99,99.9,100.19,10128394.0
2024-05-17,100.15,100.5,98.34,99.42,8034872.0
2024-05-20,98.83,99.4,97.66,98.07,7241100.0
2024-05-21,97.76,99.23,97.51,98.84,6258209.0
2024-05-22,98.8,98.92,96.89,98.0,5951448.0
2024-05-23,97.99,98.2,95.6,96.0,9830796.0
2024-05-24,95.99,95.99,93.5,93.59,6846394.0
2024-05-27,93.7,94.44,91.75,94.0,8800913.0
2024-05-28,94.02,95.05,92.76,93.4,9224589.0
2024-05-29,93.31,94.21,92.61,93.34,6807110.0
2024-05-30,92.95,95.42,92.0,95.07,12559175.0
2024-05-31,95.0,95.26,93.8,94.03,7780644.0
2024-06-03,94.08,96.75,93.93,96.55,11452298.0
2024-06-04,96.03,97.55,95.61,97.3,7804123.0
2024-06-05,97.41,100.99,97.19,100.42,11348133.0
2024-06-06,101.69,101.99,99.9,100.18,8313078.0
2024-06-07,100.3,101.88,99.29,100.14,7120944.0
2024-06-11,99.55,101.17,99.3,99.99,10186270.0
2024-06-12,100.22,102.67,99.85,100.6,13583501.0
2024-06-13,100.69,104.2,100.69,102.3,15565507.0
2024-06-14,102.12,104.47,101.53,102.49,19412402.0
2024-06-17,103.16,104.66,102.5,103.98,12901652.0
2024-06-18,104.31,105.9,103.66,104.8,12837083.0
2024-06-19,104.78,104.95,102.7,103.47,10918143.0
2024-06-20,103.4,104.66,102.25,103.2,9905209.0
2024-06-21,102.3,103.9,100.93,103.9,11908022.0
2024-06-24,103.89,104.78,102.6,103.16,8606861.0
2024-06-25,102.72,102.88,98.9,99.9,8890038.0
2024-06-26,100.42,100.63,98.0,100.15,8871230.0
2024-06-27,99.68,101.77,98.9,99.08,8596930.0
2024-06-28,98.92,100.67,98.75,99.37,10378887.0
2024-07-01,99.0,100.15,97.35,99.02,5470584.0
2024-07-02,98.43,99.18,96.6,96.78,6659673.0
2024-07-03,96.98,98.49,95.86,97.46,5611078.0
2024-07-04,97.36,100.28,97.04,97.87,8501255.0
2024-07-05,97.75,98.05,95.15,97.68,6777352.0
2024-07-08,104.0,104.0,100.63,101.59,19793238.0
2024-07-09,101.3,103.66,100.58,103.65,18045668.0
2024-07-10,102.8,104.89,102.09,104.44,14219891.0
2024-07-11,105.46,106.88,103.78,105.24,15056843.0
2024-07-12,104.5,110.0,103.79,108.88,17352005.0
2024-07-15,108.87,111.36,107.2,108.68,11428172.0
2024-07-16,108.2,111.18,108.0,110.45,13002949.0
2024-07-17,110.5,111.5,109.34,109.37,10333592.0
2024-07-18,107.01,109.37,105.9,109.0,13540742.0
2024-07-19,107.99,111.95,107.65,111.1,13995769.0
2024-07-22,110.98,111.16,108.86,109.71,10834631.0
2024-07-23,109.55,109.67,104.62,104.83,11065090.0
2024-07-24,104.82,106.39,102.68,103.16,9246898.0
2024-07-25,103.09,103.88,101.56,103.0,7112249.0
2024-07-26,103.0,104.29,102.01,103.93,6371513.0
2024-07-29,103.5,104.89,101.45,101.71,8245325.0
2024-07-30,101.47,101.65,99.73,100.7,8059980.0
2024-07-31,100.4,103.59,99.8,102.97,10799899.0
2024-08-01,103.51,103.78,100.53,101.9,11913063.0
2024-08-02,100.0,101.35,98.72,99.01,10194205.0
2024-08-05,98.0,99.15,94.59,94.59,16062250.0
2024-08-06,96.0,96.5,93.33,94.93,11746352.0
2024-08-07,94.88,94.92,92.53,92.55,9453608.0
2024-08-08,92.0,93.48,90.6,92.05,10070731.0
2024-08-09,93.5,93.74,92.08,92.17,9252493.0
2024-08-12,92.03,92.5,91.16,92.33,5929033.0
2024-08-13,92.39,93.4,92.03,93.4,7691339.0
2024-08-14,93.8,94.19,92.8,93.15,9263289.0
2024-08-15,93.15,94.5,92.1,92.75,10277924.0
2024-08-16,92.46,92.46,91.25,91.45,8122820.0
2024-08-19,91.1,91.85,89.21,89.7,11517646.0
2024-08-20,91.13,94.05,89.55,92.28,18661826.0
2024-08-21,91.9,93.6,90.8,92.96,12610950.0
2024-08-22,92.96,92.96,90.19,91.15,10588427.0
2024-08-23,90.55,91.2,89.81,90.48,6634686.0
2024-08-26,90.49,90.9,88.21,89.1,9405746.0
2024-08-27,88.01,88.96,86.92,87.28,10028767.0
2024-08-28,87.0,88.14,86.01,87.9,7385171.0
2024-08-29,87.8,88.68,86.43,87.57,8033117.0
2024-08-30,87.47,91.15,87.3,90.53,13971747.0
2024-09-02,90.3,90.3,86.4,86.4,11361255.0
2024-09-03,86.3,88.25,86.14,87.56,7526032.0
2024-09-04,85.81,87.05,85.0,86.63,5470768.0
2024-09-05,86.6,87.45,85.51,87.34,6335976.0
2024-09-06,87.18,87.36,85.48,85.51,5905180.0
2024-09-09,85.0,86.87,84.88,86.25,6472996.0
2024-09-10,85.71,86.67,84.69,86.24,6148868.0
2024-09-11,85.71,86.55,85.49,86.2,4194576.0
2024-09-12,86.54,87.23,84.81,84.84,6140747.0
2024-09-13,84.9,85.55,84.0,84.37,5456025.0
2024-09-18,84.69,85.4,83.44,84.97,5177699.0
2024-09-19,85.5,87.67,84.98,86.5,8765695.0
2024-09-20,86.49,86.5,83.6,84.48,10402505.0
2024-09-23,84.01,84.93,82.7,82.7,8054657.0
2024-09-24,83.2,85.54,81.41,85.08,16480088.0
2024-09-25,86.0,89.32,85.7,86.94,15955284.0
2024-09-26,86.9,90.41,86.4,90.38,14423781.0
2024-09-27,91.86,98.2,91.7,98.01,9239818.0
2024-09-30,103.5,107.2,100.04,107.2,36546605.0
2024-10-08,117.92,117.92,112.81,117.92,47991568.0
2024-10-09,115.57,124.0,110.0,115.48,54269697.0
2024-10-10,123.35,123.35,115.0,115.4,46022684.0
2024-10-11,113.0,114.5,107.66,111.95,30476426.0
2024-10-14,111.93,111.94,105.66,110.67,36108413.0
2024-10-15,111.5,114.67,109.23,109.28,29611661.0
2024-10-16,105.4,108.01,105.01,105.65,23154181.0
2024-10-17,106.51,107.5,103.64,103.67,22670901.0
2024-10-18,103.66,112.95,102.58,110.2,40239475.0
2024-10-21,113.1,117.45,111.72,113.68,43821169.0
2024-10-22,113.5,115.27,111.8,113.17,22944673.0
2024-10-23,113.3,113.61,111.26,111.54,20595817.0
2024-10-24,110.8,111.29,109.1,110.0,15248337.0
2024-10-25,110.5,112.88,108.51,111.78,20003266.0
2024-10-28,112.5,112.5,109.8,110.95,18085501.0
2024-10-29,110.95,113.58,109.28,109.34,24364956.0
2024-10-30,108.57,109.9,106.61,107.42,17454842.0
2024-10-31,107.42,108.37,105.08,107.3,23795991.0
2024-11-01,107.11,107.88,104.74,104.92,17256890.0
2024-11-04,104.8,107.34,104.75,106.91,16218732.0
2024-11-05,107.0,111.66,106.51,110.62,32201254.0
2024-11-06,111.63,112.29,108.88,109.99,27909132.0
2024-11-07,108.99,112.18,108.6,111.95,24681957.0
2024-11-08,113.8,114.95,111.4,111.66,32284811.0
2024-11-11,111.68,116.65,111.68,116.01,42769630.0
2024-11-12,117.0,119.16,113.96,115.24,37934431.0
2024-11-13,114.0,114.9,111.68,113.55,24954904.0
2024-11-14,113.55,113.99,110.0,110.33,22779838.0
2024-11-15,110.01,111.65,107.15,107.63,20544015.0
2024-11-18,107.63,108.43,104.0,104.95,19395427.0
2024-11-19,104.95,106.8,103.0,106.33,18222730.0
2024-11-20,106.0,106.6,104.76,105.86,14369615.0
2024-11-21,105.86,106.2,104.23,104.92,13439345.0
2024-11-22,105.03,106.33,99.0,99.52,25648450.0
2024-11-25,99.55,100.15,95.8,97.03,19194114.0
2024-11-26,96.9,97.8,95.98,96.35,13617095.0
2024-11-27,95.98,98.5,94.84,98.49,16250476.0
2024-11-28,98.66,99.49,97.0,97.2,13142822.0
2024-11-29,96.69,100.18,96.25,98.64,15283319.0
2024-12-02,98.79,101.6,98.39,101.0,17048439.0
2024-12-03,101.09,101.09,97.78,98.78,15995975.0
2024-12-04,100.56,100.98,98.05,98.34,15451127.0
2024-12-05,98.0,98.26,97.2,97.72,10349966.0
2024-12-06,97.8,99.98,97.4,99.35,13791376.0
2024-12-09,99.35,99.52,97.84,98.54,9885404.0
2024-12-10,101.53,101.99,98.55,98.89,16915730.0
2024-12-11,98.98,100.82,98.98,99.95,12012382.0
2024-12-12,99.95,100.61,98.71,100.16,13619943.0
2024-12-13,99.7,100.12,98.1,98.66,16931033.0
2024-12-16,98.99,101.65,97.23,97.61,20276830.0
2024-12-17,97.0,98.72,96.89,97.5,12675944.0
2024-12-18,97.5,102.13,97.0,101.06,23442823.0
2024-12-19,99.27,103.85,99.03,103.27,24990145.0
2024-12-20,103.28,106.5,103.07,104.01,26991250.0
2024-12-23,103.98,105.29,101.68,101.89,19137848.0
2024-12-24,102.11,102.79,100.58,102.79,12311482.0
2024-12-25,102.9,104.5,100.82,101.29,15918712.0
2024-12-26,101.3,107.27,100.23,106.01,29625879.0
2024-12-27,105.9,108.13,105.35,105.7,23228233.0
2024-12-30,105.72,109.8,105.71,108.0,28297963.0
2024-12-31,107.66,108.5,104.35,104.41,19274958.0
2025-01-02,104.4,104.93,98.99,100.58,20914025.0
2025-01-03,100.95,101.27,98.11,98.5,15931269.0
2025-01-06,98.88,100.79,97.8,98.14,13061296.0
2025-01-07,98.6,102.3,98.28,101.92,19650384.0
2025-01-08,101.41,101.9,98.01,100.63,18010136.0
2025-01-09,100.0,101.86,99.68,99.96,11700606.0
2025-01-10,99.96,104.1,99.02,100.55,22027675.0
2025-01-13,98.68,100.48,98.23,99.75,13725184.0
2025-01-14,99.78,104.75,97.56,104.75,22311329.0
2025-01-15,104.64,104.64,102.26,102.56,14022282.0
2025-01-16,103.12,105.08,101.3,101.81,16413090.0
2025-01-17,101.0,104.05,100.68,102.64,15320730.0
2025-01-20,103.5,105.65,103.01,104.86,18187884.0
2025-01-21,105.17,106.99,104.08,106.65,19499902.0
2025-01-22,108.5,110.5,106.7,108.27,33130617.0
2025-01-23,109.44,109.71,106.35,106.36,22643372.0
2025-01-24,106.03,107.68,105.92,107.36,15722433.0
2025-01-27,107.83,108.29,105.5,105.51,13168942.0
2025-02-05,107.85,111.0,105.9,110.59,28283021.0
2025-02-06,109.92,113.55,109.0,113.55,29341434.0
2025-02-07,114.98,120.57,114.88,117.1,50996634.0
2025-02-10,117.36,119.78,116.91,118.34,28317643.0
2025-02-11,120.1,123.39,119.8,123.0,36131369.0
2025-02-12,122.25,135.3,121.51,135.3,47143894.0
2025-02-13,139.0,141.65,135.59,136.05,58663319.0
2025-02-14,134.0,138.3,131.01,135.92,42683056.0
2025-02-17,136.01,138.96,132.26,136.2,42084831.0
2025-02-18,140.0,149.66,137.6,143.6,72095333.0
2025-02-19,145.0,157.96,143.6,157.96,60590926.0
2025-02-20,161.0,161.96,151.7,152.99,64964129.0
2025-02-21,152.95,160.5,151.2,157.98,52661621.0
2025-02-24,155.44,155.44,148.46,150.0,54857913.0
2025-02-25,146.0,150.89,145.5,147.2,39823395.0
2025-02-26,147.51,149.92,143.97,148.49,40563567.0
2025-02-27,148.0,150.0,144.62,147.9,32438867.0
2025-02-28,146.0,147.99,141.24,141.8,37307875.0
2025-03-03,143.0,146.21,140.6,142.68,28059477.0
2025-03-04,140.21,144.8,140.0,143.4,27346031.0
2025-03-05,142.24,147.2,142.23,145.08,23094767.0
2025-03-06,146.61,148.88,146.2,147.05,31818797.0
2025-03-07,146.0,147.41,144.3,144.91,21897999.0
2025-03-10,144.87,145.5,143.1,145.06,16314089.0
2025-03-11,142.06,144.36,140.3,142.5,20397757.0
2025-03-12,143.5,144.0,140.76,140.88,18130812.0
2025-03-13,140.0,140.01,135.91,137.2,25747641.0
2025-03-14,136.72,140.49,136.65,139.68,20975127.0
2025-03-17,141.0,142.06,139.68,140.26,12298151.0
2025-03-18,141.2,142.2,139.1,140.68,12342370.0
2025-03-19,140.18,140.68,138.6,140.1,9690657.0
2025-03-20,140.08,140.08,137.79,137.96,11226627.0
2025-03-21,138.3,138.66,134.68,136.0,13474068.0
2025-03-24,135.99,137.54,134.0,136.2,10996273.0
2025-03-25,136.46,136.46,133.7,133.99,9641225.0
2025-03-26,133.99,134.78,133.38,133.6,7670572.0
2025-03-27,133.33,136.64,133.12,134.07,13905737.0
2025-03-28,134.06,136.27,133.31,133.4,10078602.0
2025-03-31,133.37,134.87,131.0,132.72,11901774.0
2025-04-01,133.3,134.55,132.0,133.66,9234685.0
2025-04-02,133.5,135.46,133.3,133.96,8540957.0
2025-04-03,132.01,134.0,129.78,130.19,13581384.0
2025-04-07,119.5,123.31,117.17,117.17,23228491.0
2025-04-08,119.0,119.14,112.91,115.15,30658501.0
2025-04-09,113.0,122.48,111.5,119.69,31632265.0
2025-04-10,123.72,125.01,121.31,123.0,20304485.0
2025-04-11,123.01,131.13,122.7,129.0,25120082.0
2025-04-14,130.01,130.98,126.0,126.62,19823979.0
2025-04-15,126.0,126.0,122.1,123.76,14723717.0
2025-04-16,125.89,125.98,122.04,124.22,14148785.0
2025-04-17,123.8,124.47,122.03,122.4,13261056.0
2025-04-18,121.99,122.98,121.18,122.28,7334104.0
2025-04-21,123.0,125.19,122.5,124.73,11191556.0
2025-04-22,124.3,124.3,122.53,122.75,10897523.0
2025-04-23,122.85,125.0,122.56,123.82,10828477.0
2025-04-24,123.88,123.89,121.15,121.7,8471872.0
2025-04-25,122.58,123.0,121.45,121.86,9500157.0
2025-04-28,121.79,123.05,121.22,122.28,9768777.0
2025-04-29,122.34,129.2,121.52,128.41,24552633.0
2025-04-30,129.98,133.26,128.54,131.58,25610789.0
2025-05-06,133.0,135.33,132.22,135.2,17634297.0
2025-05-07,137.1,137.29,130.85,131.75,21016990.0
2025-05-08,131.75,132.36,130.99,131.36,10179729.0
2025-05-09,130.8,131.9,130.0,130.74,10853736.0
2025-05-12,132.3,133.88,131.01,131.92,11745013.0
2025-05-13,132.85,133.29,130.76,131.25,10447711.0
2025-05-14,131.6,133.27,131.0,132.35,11913612.0
2025-05-15,132.25,132.25,128.0,128.04,11950209.0
2025-05-16,127.53,128.88,127.31,128.75,6861819.0
2025-05-19,128.76,128.98,126.6,128.22,7126281.0
2025-05-20,128.55,132.0,128.28,131.65,13880110.0
2025-05-21,130.78,131.12,128.95,130.73,7835660.0
2025-05-22,130.3,134.85,129.7,133.15,17169060.0
2025-05-23,132.8,133.09,130.12,130.19,9811802.0
2025-05-26,128.0,129.36,126.7,128.82,9544436.0
2025-05-27,128.49,128.79,126.82,126.87,6208822.0
2025-05-28,127.0,127.66,126.12,126.45,6814664.0
2025-05-29,126.99,129.23,126.1,128.15,8049375.0
2025-05-30,127.66,127.66,124.6,124.6,8199742.0
2025-06-03,123.01,126.35,123.01,124.6,7156691.0
2025-06-04,124.66,128.24,124.33,128.14,10829557.0
2025-06-05,128.15,132.88,127.6,132.6,12906052.0
2025-06-06,132.75,134.1,131.86,132.4,9929838.0
2025-06-09,132.48,132.7,129.88,130.0,9331944.0
2025-06-10,129.8,130.3,126.13,126.71,9848612.0
2025-06-11,126.72,129.23,126.72,127.03,7113852.0
2025-06-12,126.5,127.02,125.6,125.6,7989514.0
2025-06-13,125.5,127.46,124.18,124.51,9996201.0
2025-06-16,124.18,125.9,123.66,125.9,6031282.0
2025-06-17,126.8,128.66,124.58,125.0,9722782.0
2025-06-18,124.55,126.95,123.8,125.78,7434580.0
2025-06-19,126.0,128.71,125.49,126.32,12135474.0
2025-06-20,126.06,127.0,124.24,124.6,7287700.0
2025-06-23,123.38,125.55,122.38,123.82,8778331.0
2025-06-24,124.17,126.8,124.17,126.21,10879145.0
2025-06-25,126.89,128.73,125.5,128.55,13857902.0
2025-06-26,128.2,128.44,126.3,126.3,10896238.0
2025-06-27,127.0,129.39,125.9,127.72,12532771.0
2025-06-30,128.14,128.78,127.5,127.65,9568647.0
2025-07-01,127.66,128.2,126.52,127.68,8210528.0
2025-07-02,127.0,127.0,124.03,124.63,12697168.0
2025-07-03,124.63,125.79,124.4,125.26,7648099.0
2025-07-04,125.26,125.39,123.1,124.0,12927030.0
2025-07-07,124.0,124.5,123.03,123.18,6881663.0
2025-07-08,123.2,125.66,123.2,125.29,9845509.0
2025-07-09,125.57,125.59,123.5,123.5,8462740.0
2025-07-10,123.66,124.54,123.2,123.4,10221513.0
2025-07-11,123.4,125.48,122.69,123.78,12795211.0
2025-07-14,124.06,124.4,123.2,123.8,6605726.0
2025-07-15,123.8,124.27,121.6,122.9,12621780.0
2025-07-16,123.03,124.88,122.4,122.78,11051603.0
2025-07-17,122.71,122.9,121.88,122.49,11558796.0
2025-07-18,122.8,128.49,122.72,125.71,25993587.0
2025-07-21,125.0,126.14,124.54,125.1,11161790.0
2025-07-22,125.0,126.12,124.1,125.15,10207754.0
2025-07-23,125.0,126.0,124.5,124.91,11261272.0
2025-07-24,124.91,126.17,124.29,125.79,13421814.0
2025-07-25,126.06,127.75,124.5,126.68,16424870.0
2025-07-28,127.0,127.48,125.1,125.21,15324864.0
2025-07-29,125.12,125.33,123.9,125.09,14178771.0
2025-07-30,124.85,126.79,123.39,123.93,16318089.0
2025-07-31,123.49,124.78,121.0,121.28,21971917.0
2025-08-01,120.8,121.85,118.87,119.32,13120088.0
2025-08-04,118.5,119.55,118.3,119.4,9476930.0
2025-08-05,122.0,122.58,120.09,121.47,16050492.0
2025-08-06,121.15,121.4,120.42,121.22,10716966.0
2025-08-07,121.51,122.21,120.6,120.89,12389119.0
2025-08-08,121.02,121.09,119.0,119.23,12816002.0
2025-08-11,119.23,120.12,118.81,119.9,11100535.0
2025-08-12,119.9,120.99,119.45,120.56,17198924.0
2025-08-13,120.85,124.78,120.34,124.19,32498839.0
2025-08-14,124.5,126.3,122.81,122.84,24540667.0
2025-08-15,122.01,124.38,121.75,123.78,18752889.0
2025-08-18,124.22,132.18,123.35,128.41,45248336.0
2025-08-19,128.5,129.68,125.52,125.73,25821820.0
2025-08-20,125.12,129.2,125.11,129.2,28971993.0
2025-08-21,130.3,132.8,129.1,129.83,32832482.0
2025-08-22,130.09,137.26,130.09,136.83,47918917.0
2025-08-25,138.52,142.99,134.71,137.08,48788288.0
2025-08-26,136.68,144.39,134.89,142.6,45387067.0
2025-08-27,145.99,146.93,139.3,139.34,48103853.0
2025-08-28,139.18,143.0,137.77,142.89,44525963.0
2025-08-29,142.89,143.75,138.61,143.23,32486155.0
2025-09-01,145.5,148.0,142.38,145.2,35954355.0
2025-09-02,144.7,145.18,136.85,137.9,37101248.0
2025-09-03,138.49,140.1,134.97,136.0,27544487.0
2025-09-04,136.0,136.75,126.66,128.64,38494202.0
2025-09-05,128.9,132.44,128.12,132.0,25128781.0
2025-09-08,132.61,137.68,132.4,135.94,25462487.0
2025-09-09,134.59,134.59,131.18,131.7,18767720.0
2025-09-10,132.05,133.37,130.0,131.21,18780177.0
2025-09-11,130.28,135.0,129.68,135.0,26376791.0
2025-09-12,134.6,137.78,133.78,136.0,27820405.0
2025-09-15,141.2,142.0,137.0,138.56,33931798.0
2025-09-16,138.0,144.3,137.77,141.15,29689991.0
2025-09-17,143.98,145.36,142.02,142.96,29860994.0
2025-09-18,143.0,150.0,141.28,144.25,56299656.0
2025-09-19,144.25,147.42,142.42,142.5,31350497.0
2025-09-22,143.49,146.46,141.47,146.31,31698312.0
2025-09-23,145.58,146.18,139.68,143.0,32492282.0
2025-09-24,142.0,151.24,141.6,148.6,45561631.0
2025-09-25,148.65,153.0,146.7,150.67,38361376.0
2025-09-26,150.67,157.5,150.36,151.03,40800682.0
2025-09-29,150.6,152.88,147.79,149.95,28400135.0
2025-09-30,151.28,153.13,150.19,151.17,26204225.0
2025-10-09,146.66,152.4,144.88,150.02,47152080.0
2025-10-10,147.2,148.93,141.21,141.82,35912028.0
